constraint_pk,order_index,class_id
1,1,1900
1,2,1884
2,1,1888
2,2,1898
2,3,1900
2,4,1901
2,5,1899
2,6,1902
2,7,1903
3,1,315
3,2,1904
3,3,1905
4,1,1911
4,2,1912
5,1,1895
6,1,303
6,2,1896
7,1,1895
8,1,303
8,2,1896
9,1,1914
9,2,1918
10,1,1915
10,2,1919
11,1,1916
11,2,1920
12,1,1917
12,2,1921
13,1,1928
13,2,1929
14,1,1931
14,2,1932
15,1,1913
15,2,1914
15,3,1915
15,4,1916
15,5,1917
15,6,1918
15,7,1919
15,8,1920
15,9,1921
15,10,433
15,11,1941
15,12,1923
16,1,1937
16,2,1938
16,3,1939
16,4,1941
16,5,433
16,6,1942
17,1,1927
17,2,1928
17,3,1931
18,1,1927
18,2,1929
18,3,1932
19,1,1927
19,2,1930
19,3,1933
20,1,1927
20,2,1931
21,1,1927
21,2,1932
22,1,1927
22,2,1933
23,1,1914
23,2,1918
24,1,1915
24,2,1919
25,1,1916
25,2,1920
26,1,1917
26,2,1921
27,1,1925
27,2,1926
28,1,432
28,2,1937
29,1,432
29,2,1938
30,1,432
30,2,1939
31,1,430
31,2,1934
32,1,430
32,2,1935
33,1,430
33,2,1936
34,1,1928
34,2,1929
35,1,519
35,2,1965
35,3,1966
35,4,1967
36,1,1963
37,1,1767
37,2,1768
38,1,1769
38,2,1770
39,1,1807
39,2,1808
40,1,1809
40,2,1810
41,1,1811
41,2,1812
42,1,1813
42,2,1814
43,1,1815
43,2,1816
44,1,1853
44,2,1854
45,1,1772
45,2,1773
45,3,1774
45,4,1775
45,5,1776
45,6,1777
45,7,1778
45,8,1779
45,9,1780
45,10,1781
45,11,1782
45,12,1783
45,13,1784
45,14,1785
45,15,1786
45,16,1787
45,17,1788
45,18,1789
45,19,1790
45,20,1791
45,21,1792
45,22,1793
45,23,1794
45,24,1795
45,25,1796
45,26,1797
45,27,1798
45,28,1799
45,29,1800
45,30,1801
45,31,1802
45,32,1803
45,33,1804
45,34,1805
45,35,1806
45,36,1821
45,37,1822
45,38,1823
45,39,1824
45,40,1825
45,41,1826
45,42,1827
45,43,1828
45,44,1829
45,45,1830
45,46,1831
45,47,1832
45,48,1833
45,49,1834
45,50,1835
45,51,1836
45,52,1837
45,53,1838
45,54,1839
45,55,1840
46,1,1843
46,2,1820
46,3,1841
46,4,1857
46,5,1842
47,1,1844
47,2,1820
47,3,1841
47,4,1857
47,5,1842
48,1,1845
48,2,1820
48,3,1841
48,4,1857
48,5,1842
49,1,1846
49,2,1820
49,3,1841
49,4,1857
49,5,1842
50,1,1847
50,2,1820
50,3,1841
50,4,1857
50,5,1842
51,1,1848
51,2,1820
51,3,1841
51,4,1857
51,5,1842
52,1,1849
52,2,1820
52,3,1841
52,4,1857
52,5,1842
53,1,1850
53,2,1820
53,3,1841
53,4,1857
53,5,1842
54,1,1821
54,2,1841
54,3,1842
54,4,1857
55,1,1822
55,2,1841
55,3,1842
55,4,1857
56,1,1823
56,2,1841
56,3,1842
56,4,1857
57,1,1824
57,2,1841
57,3,1842
57,4,1857
58,1,1825
58,2,1841
58,3,1842
58,4,1857
59,1,1826
59,2,1841
59,3,1842
59,4,1857
60,1,1827
60,2,1841
60,3,1842
60,4,1857
61,1,1828
61,2,1841
61,3,1842
61,4,1857
62,1,1829
62,2,1841
62,3,1842
62,4,1857
63,1,1830
63,2,1841
63,3,1842
63,4,1857
64,1,1831
64,2,1841
64,3,1842
64,4,1857
65,1,1832
65,2,1841
65,3,1842
65,4,1857
66,1,1833
66,2,1841
66,3,1842
66,4,1857
67,1,1834
67,2,1841
67,3,1842
67,4,1857
68,1,1835
68,2,1841
68,3,1842
68,4,1857
69,1,1836
69,2,1841
69,3,1842
69,4,1857
70,1,1837
70,2,1841
70,3,1842
70,4,1857
71,1,1838
71,2,1841
71,3,1842
71,4,1857
72,1,1839
72,2,1841
72,3,1842
72,4,1857
73,1,1840
73,2,1841
73,3,1842
73,4,1857
74,1,1819
74,2,1855
74,3,1856
74,4,215
74,5,1860
75,1,1771
75,2,1856
76,1,1819
76,2,1771
77,1,1855
77,2,1771
77,3,214
78,1,1856
78,2,1771
79,1,1860
79,2,1771
79,3,214
80,1,209
80,2,1767
81,1,209
81,2,1768
82,1,209
82,2,1769
83,1,209
83,2,1770
84,1,213
84,2,1820
85,1,2124
85,2,2125
86,1,187
86,2,1507
86,3,1508
86,4,1509
86,5,1510
87,1,186
87,2,1503
87,3,1504
87,4,1505
87,5,1506
88,1,186
88,2,1496
89,1,187
89,2,1501
89,3,1502
90,1,187
90,2,1497
90,3,1498
91,1,1493
91,2,1494
91,3,1495
91,4,1535
91,5,1536
91,6,1537
92,1,187
92,2,1511
92,3,1512
93,1,1574
93,2,1578
93,3,1583
93,4,1590
93,5,1575
93,6,1576
93,7,1581
93,8,1582
94,1,1576
95,1,1535
95,2,189
96,1,1538
96,2,189
97,1,186
97,2,1499
97,3,1500
98,1,1586
98,2,1405
99,1,1586
99,2,1406
100,1,1497
100,2,1498
101,1,1499
101,2,1500
102,1,1501
102,2,1502
103,1,1503
103,2,1504
104,1,1505
104,2,1506
105,1,1507
105,2,1508
106,1,1509
106,2,1510
107,1,1511
107,2,1512
108,1,1497
108,2,1498
108,3,1479
109,1,1499
109,2,1500
109,3,1464
110,1,1501
110,2,1502
110,3,1480
111,1,1503
111,2,1505
111,3,1465
112,1,1504
112,2,1506
112,3,1466
113,1,1507
113,2,1509
113,3,1481
114,1,1508
114,2,1510
114,3,1482
115,1,1511
115,2,1512
115,3,1483
116,1,1361
116,2,1362
117,1,1363
117,2,1364
118,1,1365
118,2,1366
119,1,1024
119,2,1025
119,3,1022
119,4,1023
120,1,1367
120,2,1368
120,3,1369
121,1,1367
121,2,1368
121,3,1250
121,4,1251
122,1,1369
122,2,1370
122,3,1371
123,1,1369
123,2,1372
124,1,1370
124,2,1371
124,3,1372
125,1,1391
125,2,1392
126,1,1392
126,2,1268
127,1,1392
127,2,1394
128,1,1392
129,1,1392
129,2,1401
130,1,1268
130,2,1394
131,1,1268
132,1,1268
132,2,1401
133,1,1394
134,1,1394
134,2,1395
135,1,1394
135,2,1401
136,1,1394
136,2,1405
137,1,1394
137,2,1396
138,1,1396
139,1,1267
140,1,1401
141,1,1395
141,2,1267
142,1,1395
142,2,1399
143,1,1395
143,2,1401
144,1,1395
144,2,1586
145,1,1395
145,2,1405
146,1,1395
146,2,1406
147,1,1396
147,2,1267
148,1,1396
148,2,1401
149,1,1396
149,2,1586
150,1,1267
150,2,1401
151,1,1399
151,2,1401
152,1,1399
152,2,1586
153,1,1399
153,2,1405
154,1,1399
154,2,1406
155,1,1401
155,2,1586
156,1,1401
156,2,1405
157,1,1401
157,2,1406
158,1,1405
158,2,1406
159,1,1084
159,2,1085
159,3,1086
159,4,1087
159,5,1511
159,6,1512
160,1,1223
160,2,1224
160,3,1225
160,4,1226
160,5,1227
160,6,1228
160,7,1229
160,8,1230
160,9,1511
160,10,1512
161,1,1084
161,2,1085
161,3,1086
161,4,1087
161,5,187
161,6,1475
161,7,1476
161,8,1477
161,9,1478
161,10,1479
161,11,1480
161,12,1481
161,13,1482
161,14,1483
161,15,1492
162,1,1223
162,2,1224
162,3,1225
162,4,1226
162,5,1227
162,6,1228
162,7,1229
162,8,1230
162,9,187
162,10,1475
162,11,1476
162,12,1477
162,13,1478
162,14,1479
162,15,1480
162,16,1481
162,17,1482
162,18,1483
162,19,1492
163,1,1276
163,2,1278
163,3,1273
163,4,1268
163,5,1279
163,6,1269
163,7,1281
163,8,1284
163,9,1282
164,1,1252
164,2,1253
164,3,1254
164,4,1255
164,5,1256
164,6,1257
164,7,1259
164,8,1260
165,1,1290
165,2,1291
165,3,1292
165,4,1293
165,5,1294
165,6,1295
165,7,1296
165,8,1297
165,9,1298
165,10,1299
165,11,1300
166,1,1250
166,2,1251
167,1,1191
167,2,1192
168,1,1223
168,2,1227
169,1,1224
169,2,1228
170,1,1225
170,2,1229
171,1,1226
171,2,1230
172,1,1026
172,2,1027
173,1,1191
173,2,1192
174,1,1223
174,2,1227
175,1,1224
175,2,1228
176,1,1225
176,2,1229
177,1,1226
177,2,1230
178,1,1084
178,2,1086
179,1,1085
179,2,1087
180,1,1072
180,2,1078
181,1,1073
181,2,1079
182,1,1074
182,2,1080
183,1,1075
183,2,1081
184,1,1076
184,2,1082
185,1,1077
185,2,1083
186,1,1688
186,2,1693
187,1,1689
187,2,1694
188,1,1690
188,2,1695
189,1,1691
189,2,1696
190,1,1692
190,2,1697
191,1,2451
191,2,2452
192,1,2387
192,2,2388
193,1,2393
193,2,2394
194,1,2389
194,2,2390
194,3,2391
194,4,2392
195,1,2454
195,2,2455
196,1,2409
196,2,2410
197,1,2411
197,2,2412
198,1,2413
198,2,2414
199,1,2415
199,2,2416
200,1,2417
200,2,2418
201,1,2419
201,2,2420
202,1,2421
202,2,2422
203,1,2423
203,2,2424
204,1,2425
204,2,2426
205,1,2427
205,2,2428
206,1,2429
206,2,2430
207,1,2431
207,2,2432
208,1,2433
208,2,2434
209,1,2435
209,2,2436
210,1,2437
210,2,2438
211,1,2375
211,2,2376
212,1,2381
212,2,519
212,3,1965
212,4,1966
212,5,1967
213,1,2451
213,2,2452
213,3,1250
213,4,1251
214,1,622
214,2,1367
214,3,1368
214,4,2451
214,5,2452
215,1,1928
215,2,2372
215,3,1931
216,1,1929
216,2,2373
216,3,1932
217,1,1930
217,2,2374
217,3,1933
218,1,1947
218,2,2380
219,1,515
219,2,2381
219,3,1966
220,1,2292
220,2,2293
220,3,2294
220,4,2295
220,5,2296
220,6,2297
221,1,2306
221,2,2307
221,3,2308
222,1,2310
222,2,2311
222,3,2312
222,4,2313
222,5,2314
222,6,2315
222,7,2316
222,8,2317
222,9,2318
222,10,2319
222,11,2320
222,12,2321
222,13,2322
222,14,2323
222,15,2324
222,16,2325
222,17,2326
222,18,2327
222,19,2328
222,20,2329
222,21,2330
222,22,2331
222,23,2332
222,24,2333
223,1,2334
223,2,2335
223,3,2336
223,4,2337
224,1,2343
224,2,2344
224,3,2345
224,4,2346
225,1,2348
225,2,1909
226,1,2348
226,2,1909
227,1,2405
228,1,2406
229,1,2278
230,1,2276
231,1,317
231,2,2349
232,1,317
232,2,2350
233,1,1737
233,2,2407
234,1,1738
234,2,2408
235,1,1368
235,2,2452
236,1,1346
236,2,2409
237,1,1346
237,2,2410
238,1,1347
238,2,2411
239,1,1347
239,2,2412
240,1,1348
240,2,2413
241,1,1348
241,2,2414
242,1,1349
242,2,2415
243,1,1349
243,2,2416
244,1,1350
244,2,2417
245,1,1350
245,2,2418
246,1,1351
246,2,2419
247,1,1351
247,2,2420
248,1,1352
248,2,2421
249,1,1352
249,2,2422
250,1,1353
250,2,2423
251,1,1353
251,2,2424
252,1,1354
252,2,2425
253,1,1354
253,2,2426
254,1,1355
254,2,2427
255,1,1355
255,2,2428
256,1,1356
256,2,2429
257,1,1356
257,2,2430
258,1,1357
258,2,2431
259,1,1357
259,2,2432
260,1,1358
260,2,2433
261,1,1358
261,2,2434
262,1,1359
262,2,2435
263,1,1359
263,2,2436
264,1,1360
264,2,2437
265,1,1360
265,2,2438
266,1,1361
266,2,2439
267,1,1361
267,2,2440
268,1,1362
268,2,2441
269,1,1362
269,2,2442
270,1,1363
270,2,2443
271,1,1363
271,2,2444
272,1,1364
272,2,2445
273,1,1364
273,2,2446
274,1,1365
274,2,2447
275,1,1365
275,2,2448
276,1,1366
276,2,2449
277,1,1366
277,2,2450
278,1,1367
278,2,2451
279,1,824
279,2,825
280,1,505
280,2,506
281,1,797
281,2,798
282,1,232
282,2,233
283,1,44
283,2,45
284,1,639
284,2,640
284,3,641
285,1,643
285,2,644
285,3,645
286,1,378
286,2,379
287,1,365
287,2,366
288,1,184
288,2,185
289,1,653
289,2,654
290,1,713
290,2,714
291,1,866
291,2,867
292,1,779
292,2,780
293,1,303
294,1,38
294,2,40
295,1,737
295,2,735
295,3,736
296,1,459
296,2,460
297,1,464
297,2,463
298,1,683
298,2,685
299,1,826
299,2,827
299,3,828
299,4,829
300,1,830
300,2,831
300,3,832
300,4,833
301,1,89
301,2,98
302,1,90
302,2,99
303,1,91
303,2,100
304,1,95
304,2,101
305,1,107
305,2,109
306,1,108
306,2,110
307,1,128
307,2,133
308,1,613
308,2,611
309,1,614
309,2,612
310,1,42
310,2,44
311,1,43
311,2,45
312,1,303
312,2,304
312,3,306
313,1,445
313,2,447
314,1,446
314,2,448
315,1,221
315,2,193
316,1,570
316,2,827
317,1,488
317,2,495
318,1,410
318,2,411
319,1,496
319,2,497
320,1,675
320,2,676
321,1,328
321,2,331
322,1,784
322,2,791
323,1,790
323,2,795
324,1,792
324,2,793
325,1,191
325,2,192
326,1,221
326,2,228
326,3,229
327,1,648
327,2,649
328,1,716
328,2,717
328,3,718
329,1,679
329,2,685
330,1,182
330,2,183
330,3,188
331,1,62
331,2,64
332,1,852
332,2,865
333,1,864
333,2,851
334,1,186
334,2,187
335,1,222
335,2,224
336,1,223
336,2,225
337,1,226
337,2,227
338,1,395
338,2,396
339,1,422
339,2,423
340,1,426
340,2,427
341,1,74
341,2,75
341,3,76
342,1,499
343,1,405
343,2,406
343,3,404
344,1,483
344,2,484
345,1,523
345,2,524
346,1,535
346,2,536
347,1,648
347,2,649
348,1,323
348,2,324
349,1,366
349,2,367
350,1,400
350,2,401
351,1,402
351,2,403
352,1,532
352,2,533
353,1,170
353,2,171
354,1,483
354,2,484
355,1,222
355,2,224
356,1,223
356,2,225
357,1,226
357,2,227
358,1,425
358,2,424
359,1,426
359,2,427
360,1,366
360,2,367
361,1,74
361,2,75
361,3,76
362,1,404
362,2,406
362,3,405
363,1,400
363,2,401
364,1,523
364,2,524
365,1,535
365,2,536
366,1,648
366,2,649
367,1,304
367,2,305
368,1,402
368,2,403
369,1,532
369,2,533
370,1,170
370,2,171
371,1,395
371,2,396
372,1,679
372,2,685
373,1,422
373,2,423
374,1,289
374,2,291
374,3,296
374,4,298
375,1,1892
376,1,2350
376,2,2349
376,3,317
376,4,1910
377,1,618
377,2,1295
378,1,1246
378,2,625
379,1,1246
379,2,625
380,1,1284
381,1,1284
382,1,1284
383,1,1263
384,1,1233
384,2,1232
385,1,1233
385,2,1232
386,1,1233
386,2,1232
387,1,1288
387,2,611
387,3,613
388,1,1226
388,2,1225
389,1,1245
390,1,1300
391,1,1300
392,1,1300
393,1,1239
393,2,1269
394,1,1239
394,2,1269
395,1,1290
395,2,1272
396,1,1290
396,2,1272
397,1,1270
397,2,1271
398,1,1238
399,1,1194
399,2,1193
400,1,1194
400,2,1193
401,1,1194
401,2,1193
402,1,1275
402,2,616
403,1,1275
403,2,616
404,1,626
405,1,1201
405,2,1202
406,1,1201
406,2,1202
407,1,1195
407,2,1196
408,1,1195
408,2,1196
409,1,1195
409,2,1196
410,1,1074
410,2,1075
411,1,1074
411,2,1075
412,1,1074
412,2,1075
413,1,1253
414,1,1256
415,1,1084
416,1,620
416,2,1026
417,1,1255
417,2,628
418,1,1278
418,2,1294
419,1,1240
419,2,1249
420,1,1214
420,2,1213
421,1,1214
421,2,1213
422,1,1214
422,2,1213
423,1,1281
424,1,1281
425,1,1281
426,1,1292
426,2,1280
427,1,1273
428,1,1283
428,2,1259
429,1,1283
429,2,1259
430,1,1283
430,2,1259
431,1,623
431,2,1291
432,1,623
432,2,1291
433,1,623
433,2,1291
434,1,1261
435,1,1243
435,2,1244
436,1,1243
436,2,1244
437,1,1243
437,2,1244
438,1,1191
438,2,1254
439,1,1191
439,2,1254
440,1,1260
441,1,1298
442,1,1231
442,2,621
442,3,892
442,4,1088
443,1,1247
443,2,1262
444,1,1247
444,2,1262
445,1,1247
445,2,1262
446,1,1252
446,2,627
447,1,1252
447,2,627
448,1,1220
448,2,1221
449,1,1220
449,2,1221
450,1,1220
450,2,1221
451,1,1296
452,1,619
452,2,1277
453,1,1234
453,2,1235
454,1,1218
454,2,1289
455,1,1264
455,2,1241
456,1,1264
456,2,1241
457,1,1264
457,2,1241
458,1,1204
459,1,1204
460,1,1204
461,1,1224
461,2,1223
462,1,1224
462,2,1223
463,1,1224
463,2,1223
464,1,1077
464,2,1076
465,1,1077
465,2,1076
466,1,1077
466,2,1076
467,1,1282
467,2,1219
468,1,1282
468,2,1219
469,1,1266
469,2,1242
470,1,1266
470,2,1242
471,1,1266
471,2,1242
472,1,1072
472,2,1073
473,1,1265
473,2,1279
473,3,1258
474,1,1293
475,1,1257
475,2,1276
476,1,1257
476,2,1276
477,1,1257
477,2,1276
478,1,1212
478,2,1267
479,1,1085
480,1,1368
480,2,1367
481,1,1368
481,2,1367
482,1,1368
482,2,1367
483,1,1350
483,2,1354
483,3,1353
483,4,1348
484,1,1347
484,2,1346
484,3,1349
485,1,1399
486,1,1381
486,2,1369
487,1,1389
487,2,1390
488,1,1352
488,2,1357
488,3,1351
488,4,1358
489,1,1384
489,2,1383
490,1,1384
490,2,1383
491,1,1384
491,2,1383
492,1,1370
492,2,1371
493,1,1370
493,2,1371
494,1,1372
495,1,1397
495,2,1402
495,3,1400
496,1,1405
497,1,1387
497,2,1388
498,1,1387
498,2,1388
499,1,1404
500,1,1394
501,1,1394
502,1,1394
503,1,1392
503,2,1382
504,1,1401
505,1,1406
505,2,1396
506,1,1356
506,2,1360
506,3,1355
506,4,1359
507,1,1395
508,1,1395
509,1,1391
510,1,2258
510,2,1968
511,1,2259
511,2,1969
512,1,2260
512,2,1970
513,1,2261
513,2,1971
514,1,2262
514,2,1972
515,1,2263
515,2,1973
516,1,2264
516,2,1974
517,1,2265
517,2,1975
518,1,2266
518,2,1976
519,1,2267
519,2,1977
520,1,2268
520,2,1978
521,1,2269
521,2,1979
522,1,2270
522,2,1980
523,1,2271
523,2,1981
524,1,2272
524,2,1982
525,1,2273
525,2,1983
526,1,2274
526,2,1984
527,1,2275
527,2,1985
528,1,2011
528,2,2006
529,1,2012
529,2,2007
530,1,2013
530,2,2008
531,1,2014
531,2,2009
532,1,2015
532,2,2010
533,1,2026
533,2,2022
533,3,2018
534,1,2027
534,2,2023
534,3,2019
535,1,2028
535,2,2024
535,3,2020
536,1,2029
536,2,2025
536,3,2021
537,1,2040
537,2,2038
538,1,2041
538,2,2039
539,1,2052
539,2,2049
539,3,2048
540,1,2053
540,2,2050
540,3,2048
541,1,2054
541,2,2051
541,3,2048
542,1,2062
542,2,2058
542,3,16
543,1,2063
543,2,2059
543,3,16
544,1,2064
544,2,2060
544,3,16
545,1,2065
545,2,2061
545,3,16
546,1,2076
546,2,2074
546,3,2072
547,1,2077
547,2,2075
547,3,2073
548,1,2085
548,2,2083
548,3,2082
549,1,2086
549,2,2084
549,3,2082
550,1,2093
550,2,2092
551,1,2097
551,2,2096
552,1,2109
552,2,2108
553,1,2112
553,2,2111
553,3,2110
554,1,2121
554,2,2120
555,1,1704
555,2,60
556,1,1705
556,2,60
557,1,1706
557,2,60
558,1,1707
558,2,60
559,1,1708
559,2,60
560,1,1709
560,2,60
561,1,1710
561,2,60
562,1,1711
562,2,60
563,1,1712
563,2,60
564,1,1714
564,2,61
565,1,1715
565,2,61
566,1,1716
566,2,61
567,1,1717
567,2,61
568,1,1718
568,2,61
569,1,1719
569,2,61
570,1,96
570,2,95
571,1,97
571,2,95
572,1,103
572,2,102
573,1,144
573,2,143
574,1,145
574,2,146
575,1,146
575,2,145
576,1,148
576,2,147
577,1,150
577,2,149
578,1,170
578,2,171
579,1,171
579,2,170
580,1,1444
580,2,1443
581,1,1445
581,2,1443
582,1,1467
582,2,1459
582,3,186
583,1,1468
583,2,1460
583,3,186
584,1,1469
584,2,1461
584,3,186
585,1,1470
585,2,1462
585,3,186
586,1,1471
586,2,1463
586,3,186
587,1,1472
587,2,1464
587,3,186
588,1,1473
588,2,1465
588,3,186
589,1,1474
589,2,1466
589,3,186
590,1,1484
590,2,1475
590,3,187
591,1,1485
591,2,1476
591,3,187
592,1,1486
592,2,1477
592,3,187
593,1,1487
593,2,1478
593,3,187
594,1,1488
594,2,1479
594,3,187
595,1,1489
595,2,1480
595,3,187
596,1,1490
596,2,1481
596,3,187
597,1,1491
597,2,1482
597,3,187
598,1,1492
598,2,1483
598,3,187
599,1,1494
599,2,1493
600,1,1495
600,2,1493
601,1,1498
601,2,1497
602,1,1500
602,2,1499
603,1,1502
603,2,1501
604,1,1505
604,2,1503
605,1,1506
605,2,1504
606,1,1509
606,2,1507
607,1,1510
607,2,1508
608,1,1512
608,2,1511
609,1,1513
609,2,188
610,1,1514
610,2,188
611,1,1515
611,2,188
612,1,1516
612,2,188
613,1,1517
613,2,188
614,1,1518
614,2,188
615,1,1519
615,2,188
616,1,1520
616,2,188
617,1,1521
617,2,188
618,1,1522
618,2,188
619,1,1523
619,2,188
620,1,1524
620,2,188
621,1,1525
621,2,188
622,1,1526
622,2,188
623,1,1527
623,2,188
624,1,1528
624,2,188
625,1,1529
625,2,188
626,1,1530
626,2,188
627,1,1531
627,2,188
628,1,1532
628,2,188
629,1,1533
629,2,188
630,1,1534
630,2,188
631,1,1536
631,2,1535
632,1,1537
632,2,1535
633,1,1539
633,2,1538
634,1,1540
634,2,1538
635,1,1541
635,2,1538
636,1,1542
636,2,189
637,1,1543
637,2,189
638,1,1544
638,2,189
639,1,1546
639,2,1545
640,1,1547
640,2,1545
641,1,1548
641,2,1545
642,1,1550
642,2,1549
643,1,1551
643,2,1549
644,1,1552
644,2,190
645,1,1553
645,2,190
646,1,1554
646,2,190
647,1,1555
647,2,190
648,1,1557
648,2,1556
649,1,1558
649,2,1556
650,1,1563
650,2,1562
651,1,1564
651,2,1562
652,1,1565
652,2,1562
653,1,1567
653,2,1566
654,1,1568
654,2,1566
655,1,1569
655,2,1570
656,1,1570
656,2,1569
657,1,1572
657,2,1571
658,1,1579
658,2,1578
659,1,1580
659,2,1578
660,1,2292
660,2,194
661,1,2293
661,2,194
662,1,2294
662,2,194
663,1,2295
663,2,194
664,1,2296
664,2,194
665,1,2297
665,2,194
666,1,2306
666,2,202
667,1,2307
667,2,202
668,1,2308
668,2,202
669,1,1767
669,2,209
670,1,1768
670,2,209
671,1,1769
671,2,209
672,1,1770
672,2,209
673,1,1772
673,2,1771
674,1,1773
674,2,1771
675,1,1774
675,2,1771
676,1,1775
676,2,1771
677,1,1776
677,2,1771
678,1,1777
678,2,1771
679,1,1778
679,2,1771
680,1,1779
680,2,1771
681,1,1780
681,2,1771
682,1,1781
682,2,1771
683,1,1782
683,2,1771
684,1,1783
684,2,1771
685,1,1784
685,2,1771
686,1,1785
686,2,1771
687,1,1786
687,2,1771
688,1,1787
688,2,1771
689,1,1788
689,2,1771
690,1,1789
690,2,1771
691,1,1790
691,2,1771
692,1,1791
692,2,1771
693,1,1792
693,2,1771
694,1,1793
694,2,1771
695,1,1794
695,2,1771
696,1,1795
696,2,1771
697,1,1796
697,2,1771
698,1,1797
698,2,1771
699,1,1798
699,2,1771
700,1,1799
700,2,1771
701,1,1800
701,2,1771
702,1,1801
702,2,1771
703,1,1802
703,2,1771
704,1,1803
704,2,1771
705,1,1804
705,2,1771
706,1,1805
706,2,1771
707,1,1806
707,2,1771
708,1,1821
708,2,1820
709,1,1822
709,2,1820
710,1,1823
710,2,1820
711,1,1824
711,2,1820
712,1,1825
712,2,1820
713,1,1826
713,2,1820
714,1,1827
714,2,1820
715,1,1828
715,2,1820
716,1,1829
716,2,1820
717,1,1830
717,2,1820
718,1,1831
718,2,1820
719,1,1832
719,2,1820
720,1,1833
720,2,1820
721,1,1834
721,2,1820
722,1,1835
722,2,1820
723,1,1836
723,2,1820
724,1,1837
724,2,1820
725,1,1838
725,2,1820
726,1,1839
726,2,1820
727,1,1840
727,2,1820
728,1,1843
728,2,1842
729,1,1844
729,2,1842
730,1,1845
730,2,1842
731,1,1846
731,2,1842
732,1,1847
732,2,1842
733,1,1848
733,2,1842
734,1,1849
734,2,1842
735,1,1850
735,2,1842
736,1,1853
736,2,1852
737,1,1854
737,2,1852
738,1,1858
738,2,1859
739,1,1859
739,2,1858
740,1,1863
740,2,1862
741,1,1866
741,2,2309
742,1,2309
742,2,1866
743,1,2310
743,2,224
743,3,222
744,1,2311
744,2,224
744,3,222
745,1,2312
745,2,224
745,3,222
746,1,2313
746,2,224
746,3,222
747,1,2314
747,2,224
747,3,222
748,1,2315
748,2,224
748,3,222
749,1,2316
749,2,224
749,3,222
750,1,2317
750,2,224
750,3,222
751,1,2318
751,2,224
751,3,222
752,1,2319
752,2,224
752,3,222
753,1,2320
753,2,224
753,3,222
754,1,2321
754,2,224
754,3,222
755,1,2322
755,2,225
755,3,223
756,1,2323
756,2,225
756,3,223
757,1,2324
757,2,225
757,3,223
758,1,2325
758,2,225
758,3,223
759,1,2326
759,2,225
759,3,223
760,1,2327
760,2,225
760,3,223
761,1,2328
761,2,225
761,3,223
762,1,2329
762,2,225
762,3,223
763,1,2330
763,2,225
763,3,223
764,1,2331
764,2,225
764,3,223
765,1,2332
765,2,225
765,3,223
766,1,2333
766,2,225
766,3,223
767,1,227
767,2,226
768,1,2334
768,2,230
769,1,2335
769,2,230
770,1,2336
770,2,230
771,1,2337
771,2,230
772,1,263
772,2,262
773,1,264
773,2,262
774,1,267
774,2,266
775,1,268
775,2,266
776,1,269
776,2,266
777,1,2343
777,2,295
778,1,2344
778,2,295
779,1,2345
779,2,295
780,1,2346
780,2,295
781,1,302
781,2,301
782,1,303
782,2,1875
783,1,1875
783,2,303
784,1,304
784,2,305
785,1,305
785,2,304
786,1,306
786,2,1876
787,1,1876
787,2,306
788,1,1881
788,2,1880
788,3,1879
789,1,1891
789,2,1890
789,3,1889
790,1,1900
790,2,1898
791,1,1901
791,2,1898
792,1,1902
792,2,1899
793,1,1903
793,2,1899
794,1,1908
794,2,1907
794,3,1906
795,1,2348
795,2,1909
796,1,2349
796,2,317
797,1,2350
797,2,317
798,1,2131
798,2,2129
799,1,2132
799,2,2130
800,1,2134
800,2,2133
801,1,2136
801,2,2135
802,1,2138
802,2,2137
803,1,2140
803,2,2139
804,1,2143
804,2,2142
805,1,2145
805,2,2144
806,1,2147
806,2,2146
807,1,2150
807,2,2149
808,1,323
808,2,324
809,1,324
809,2,323
810,1,2351
810,2,325
811,1,2352
811,2,325
812,1,2353
812,2,325
813,1,2354
813,2,325
814,1,2355
814,2,325
815,1,335
815,2,334
816,1,1591
816,2,364
817,1,1592
817,2,364
818,1,1593
818,2,364
819,1,1594
819,2,364
820,1,1595
820,2,364
821,1,1596
821,2,364
822,1,1597
822,2,364
823,1,1598
823,2,365
824,1,1599
824,2,365
825,1,1600
825,2,365
826,1,1601
826,2,365
827,1,1602
827,2,365
828,1,1603
828,2,365
829,1,1604
829,2,365
830,1,1606
830,2,1605
831,1,1607
831,2,1605
832,1,1608
832,2,1605
833,1,1610
833,2,1609
834,1,1611
834,2,1609
835,1,1612
835,2,1609
836,1,366
836,2,367
837,1,1613
837,2,367
837,3,366
838,1,1614
838,2,367
838,3,366
839,1,1615
839,2,367
839,3,366
840,1,1616
840,2,367
840,3,366
841,1,1617
841,2,367
841,3,366
842,1,1618
842,2,367
842,3,366
843,1,1619
843,2,367
843,3,366
844,1,1620
844,2,367
844,3,366
845,1,1621
845,2,367
845,3,366
846,1,1622
846,2,367
846,3,366
847,1,367
847,2,366
848,1,1623
848,2,368
849,1,1624
849,2,368
850,1,1625
850,2,368
851,1,1626
851,2,368
852,1,1627
852,2,368
853,1,1628
853,2,368
854,1,1629
854,2,369
855,1,1630
855,2,369
856,1,1631
856,2,369
857,1,1632
857,2,369
858,1,1633
858,2,369
859,1,1634
859,2,369
860,1,1635
860,2,370
861,1,1636
861,2,370
862,1,1637
862,2,370
863,1,1638
863,2,370
864,1,1639
864,2,370
865,1,1640
865,2,370
866,1,1641
866,2,370
867,1,1642
867,2,370
868,1,1643
868,2,370
869,1,1645
869,2,1644
870,1,1646
870,2,1644
871,1,1648
871,2,1647
872,1,1649
872,2,1647
873,1,1651
873,2,1650
874,1,1652
874,2,1650
875,1,1654
875,2,1653
876,1,1655
876,2,1653
877,1,1657
877,2,1656
878,1,1658
878,2,1656
879,1,1659
879,2,371
880,1,1660
880,2,371
881,1,1661
881,2,371
882,1,1662
882,2,372
883,1,1663
883,2,372
884,1,1664
884,2,372
885,1,1666
885,2,1665
886,1,1667
886,2,1665
887,1,1669
887,2,1668
888,1,1670
888,2,1668
889,1,1671
889,2,1672
890,1,1672
890,2,1671
891,1,1673
891,2,1674
892,1,1674
892,2,1673
893,1,1676
893,2,1675
894,1,1677
894,2,1675
895,1,1678
895,2,1675
896,1,1680
896,2,1679
897,1,1681
897,2,1679
898,1,1682
898,2,1683
899,1,1683
899,2,1682
900,1,1685
900,2,1684
901,1,1686
901,2,1684
902,1,1687
902,2,1684
903,1,1700
903,2,1701
904,1,1701
904,2,1700
905,1,1702
905,2,1703
906,1,1703
906,2,1702
907,1,384
907,2,383
908,1,396
908,2,395
909,1,406
909,2,405
909,3,404
910,1,2357
910,2,407
911,1,2358
911,2,407
912,1,2359
912,2,407
913,1,2360
913,2,407
914,1,2361
914,2,407
915,1,2362
915,2,407
916,1,2363
916,2,412
917,1,2364
917,2,412
918,1,2365
918,2,412
919,1,2366
919,2,412
920,1,2367
920,2,412
921,1,2368
921,2,412
922,1,2369
922,2,412
923,1,2370
923,2,412
924,1,2371
924,2,412
925,1,425
925,2,424
926,1,426
926,2,427
927,1,1918
927,2,1914
927,3,426
927,4,427
928,1,1919
928,2,1915
928,3,426
928,4,427
929,1,1920
929,2,1916
929,3,426
929,4,427
930,1,1921
930,2,1917
930,3,426
930,4,427
931,1,427
931,2,426
932,1,1925
932,2,1926
933,1,1926
933,2,1925
934,1,1931
934,2,2372
934,3,1928
934,4,1927
935,1,1932
935,2,2373
935,3,1929
935,4,1927
936,1,1933
936,2,2374
936,3,1930
936,4,1927
937,1,1934
937,2,430
938,1,1935
938,2,430
939,1,1936
939,2,430
940,1,1937
940,2,432
941,1,1938
941,2,432
942,1,1939
942,2,432
943,1,443
943,2,444
944,1,444
944,2,443
945,1,446
945,2,445
946,1,447
946,2,448
947,1,448
947,2,447
948,1,452
948,2,451
949,1,1959
949,2,518
950,1,1960
950,2,518
951,1,1961
951,2,518
952,1,523
952,2,524
953,1,2382
953,2,524
953,3,523
954,1,2383
954,2,524
954,3,523
955,1,2384
955,2,524
955,3,523
956,1,2385
956,2,524
956,3,523
957,1,524
957,2,523
958,1,533
958,2,532
959,1,536
959,2,535
960,1,559
960,2,560
961,1,560
961,2,559
962,1,563
962,2,562
963,1,975
963,2,606
964,1,976
964,2,606
965,1,977
965,2,606
966,1,978
966,2,606
967,1,979
967,2,606
968,1,980
968,2,607
969,1,981
969,2,607
970,1,982
970,2,607
971,1,983
971,2,607
972,1,984
972,2,607
973,1,985
973,2,608
974,1,986
974,2,608
975,1,987
975,2,608
976,1,988
976,2,608
977,1,989
977,2,608
978,1,990
978,2,609
979,1,991
979,2,609
980,1,992
980,2,609
981,1,993
981,2,609
982,1,994
982,2,609
983,1,995
983,2,610
984,1,996
984,2,610
985,1,997
985,2,610
986,1,998
986,2,610
987,1,999
987,2,610
988,1,1000
988,2,611
989,1,1001
989,2,611
990,1,1002
990,2,611
991,1,1003
991,2,611
992,1,1004
992,2,611
993,1,1005
993,2,611
994,1,1006
994,2,611
995,1,1007
995,2,611
996,1,1008
996,2,611
997,1,1009
997,2,611
998,1,1010
998,2,611
999,1,1011
999,2,612
1000,1,1012
1000,2,612
1001,1,1013
1001,2,612
1002,1,1014
1002,2,612
1003,1,1015
1003,2,612
1004,1,1016
1004,2,612
1005,1,1017
1005,2,612
1006,1,1018
1006,2,612
1007,1,1019
1007,2,612
1008,1,1020
1008,2,612
1009,1,1021
1009,2,612
1010,1,1022
1010,2,613
1011,1,1023
1011,2,614
1012,1,1024
1012,2,613
1013,1,1025
1013,2,614
1014,1,1027
1014,2,1026
1015,1,1028
1015,2,615
1016,1,1029
1016,2,615
1017,1,1030
1017,2,615
1018,1,1031
1018,2,615
1019,1,1032
1019,2,615
1020,1,1033
1020,2,615
1021,1,1034
1021,2,615
1022,1,1035
1022,2,615
1023,1,1036
1023,2,615
1024,1,1037
1024,2,616
1025,1,1038
1025,2,616
1026,1,1039
1026,2,616
1027,1,1040
1027,2,616
1028,1,1041
1028,2,616
1029,1,1042
1029,2,616
1030,1,1043
1030,2,616
1031,1,1044
1031,2,616
1032,1,1045
1032,2,616
1033,1,1046
1033,2,617
1034,1,1047
1034,2,617
1035,1,1048
1035,2,617
1036,1,1049
1036,2,617
1037,1,1050
1037,2,617
1038,1,1051
1038,2,618
1039,1,1052
1039,2,618
1040,1,1053
1040,2,618
1041,1,1054
1041,2,618
1042,1,1055
1042,2,618
1043,1,1056
1043,2,619
1044,1,1057
1044,2,619
1045,1,1058
1045,2,619
1046,1,1059
1046,2,619
1047,1,1060
1047,2,619
1048,1,1061
1048,2,620
1049,1,1062
1049,2,620
1050,1,1063
1050,2,620
1051,1,1064
1051,2,620
1052,1,1065
1052,2,620
1053,1,1066
1053,2,621
1054,1,1067
1054,2,621
1055,1,1068
1055,2,621
1056,1,1069
1056,2,621
1057,1,1070
1057,2,621
1058,1,1071
1058,2,621
1059,1,2387
1059,2,622
1060,1,2388
1060,2,622
1061,1,1078
1061,2,1072
1062,1,1079
1062,2,1073
1063,1,1080
1063,2,1074
1064,1,1081
1064,2,1075
1065,1,1082
1065,2,1076
1066,1,1083
1066,2,1077
1067,1,1086
1067,2,1084
1068,1,1087
1068,2,1085
1069,1,1165
1069,2,623
1070,1,1166
1070,2,623
1071,1,1167
1071,2,623
1072,1,1168
1072,2,623
1073,1,1169
1073,2,623
1074,1,1170
1074,2,624
1075,1,1171
1075,2,624
1076,1,1172
1076,2,624
1077,1,1173
1077,2,624
1078,1,1174
1078,2,624
1079,1,1175
1079,2,625
1080,1,1176
1080,2,625
1081,1,1177
1081,2,625
1082,1,1178
1082,2,625
1083,1,1179
1083,2,625
1084,1,1180
1084,2,626
1085,1,1181
1085,2,626
1086,1,1182
1086,2,626
1087,1,1183
1087,2,626
1088,1,1184
1088,2,626
1089,1,1185
1089,2,626
1090,1,1186
1090,2,627
1091,1,1187
1091,2,627
1092,1,1188
1092,2,627
1093,1,1189
1093,2,627
1094,1,1190
1094,2,627
1095,1,1192
1095,2,1191
1096,1,1227
1096,2,1223
1097,1,1228
1097,2,1224
1098,1,1229
1098,2,1225
1099,1,1230
1099,2,1226
1100,1,636
1100,2,635
1101,1,638
1101,2,637
1102,1,2393
1102,2,646
1103,1,2394
1103,2,646
1104,1,670
1104,2,669
1105,1,2153
1105,2,2151
1106,1,2154
1106,2,2152
1107,1,2157
1107,2,2155
1108,1,2158
1108,2,2156
1109,1,2161
1109,2,2159
1110,1,2162
1110,2,2160
1111,1,2166
1111,2,2163
1112,1,2167
1112,2,2164
1113,1,2168
1113,2,2165
1114,1,2170
1114,2,2169
1115,1,2172
1115,2,2171
1116,1,688
1116,2,689
1117,1,689
1117,2,688
1118,1,2400
1118,2,700
1119,1,763
1119,2,764
1120,1,764
1120,2,763
1121,1,768
1121,2,769
1122,1,769
1122,2,768
1123,1,2405
1123,2,794
1124,1,2406
1124,2,794
1125,1,825
1125,2,824
1126,1,2407
1126,2,1737
1127,1,2408
1127,2,1738
1128,1,2409
1128,2,1346
1129,1,2410
1129,2,1346
1130,1,2411
1130,2,1347
1131,1,2412
1131,2,1347
1132,1,2413
1132,2,1348
1133,1,2414
1133,2,1348
1134,1,2415
1134,2,1349
1135,1,2416
1135,2,1349
1136,1,2417
1136,2,1350
1137,1,2418
1137,2,1350
1138,1,2419
1138,2,1351
1139,1,2420
1139,2,1351
1140,1,2421
1140,2,1352
1141,1,2422
1141,2,1352
1142,1,2423
1142,2,1353
1143,1,2424
1143,2,1353
1144,1,2425
1144,2,1354
1145,1,2426
1145,2,1354
1146,1,2427
1146,2,1355
1147,1,2428
1147,2,1355
1148,1,2429
1148,2,1356
1149,1,2430
1149,2,1356
1150,1,2431
1150,2,1357
1151,1,2432
1151,2,1357
1152,1,2433
1152,2,1358
1153,1,2434
1153,2,1358
1154,1,2435
1154,2,1359
1155,1,2436
1155,2,1359
1156,1,2437
1156,2,1360
1157,1,2438
1157,2,1360
1158,1,2439
1158,2,1361
1159,1,2440
1159,2,1361
1160,1,2441
1160,2,1362
1161,1,2442
1161,2,1362
1162,1,2443
1162,2,1363
1163,1,2444
1163,2,1363
1164,1,2445
1164,2,1364
1165,1,2446
1165,2,1364
1166,1,2447
1166,2,1365
1167,1,2448
1167,2,1365
1168,1,2449
1168,2,1366
1169,1,2450
1169,2,1366
1170,1,2451
1170,2,1367
1171,1,2452
1171,2,1368
1172,1,2185
1172,2,2177
1173,1,2186
1173,2,2178
1174,1,2187
1174,2,2179
1175,1,2188
1175,2,2180
1176,1,2189
1176,2,2181
1177,1,2190
1177,2,2182
1178,1,2191
1178,2,2183
1179,1,2192
1179,2,2184
1180,1,2194
1180,2,2193
1181,1,2195
1181,2,2193
1182,1,2197
1182,2,2196
1183,1,2198
1183,2,2196
1184,1,2204
1184,2,2203
1184,3,2202
1185,1,2206
1185,2,2205
1186,1,2209
1186,2,2208
1186,3,2207
1187,1,2211
1187,2,2210
1188,1,2214
1188,2,2213
1188,3,2212
1189,1,2216
1189,2,2215
1190,1,2218
1190,2,2217
1191,1,2223
1191,2,2222
1192,1,2226
1192,2,2225
1192,3,2224
1193,1,2228
1193,2,2227
1194,1,2230
1194,2,2229
1195,1,2232
1195,2,2231
1195,3,2233
1196,1,2233
1196,2,2231
1197,1,2236
1197,2,2235
1197,3,2234
1198,1,2238
1198,2,2237
1199,1,2240
1199,2,2239
1200,1,2242
1200,2,2241
1201,1,2244
1201,2,2243
1202,1,2246
1202,2,2245
1203,1,2251
1203,2,2250
1203,3,2249
1204,1,2256
1204,2,2254
1204,3,2252
1205,1,2257
1205,2,2255
1205,3,2253
1206,1,878
1206,2,877
1207,1,881
1207,2,880
1207,3,879
1208,1,883
1208,2,882
1209,1,886
1209,2,885
1209,3,884
1210,1,889
1210,2,888
1211,1,2455
1211,2,2454
1212,1,2456
1212,2,2457
1213,1,2457
1213,2,2456
1214,1,1545
1214,2,1549
1214,3,190
1214,4,1556
1214,5,1559
1214,6,1560
1214,7,1561
1214,8,1562
1214,9,1566
1214,10,1569
1214,11,1570
1214,12,1571
1214,13,1572
1214,14,1573
1215,1,1574
1215,2,1575
1215,3,1576
1215,4,1577
1215,5,1578
1215,6,1581
1215,7,1582
1215,8,1583
1215,9,1584
1215,10,1586
1215,11,1587
1215,12,1588
1215,13,1585
1215,14,1589
1215,15,1590
1216,1,1497
1216,2,1499
1216,3,1501
1216,4,1503
1216,5,1504
1216,6,1507
1216,7,1508
1216,8,1511
1217,1,1598
1217,2,1599
1217,3,1600
1217,4,1601
1217,5,1602
1217,6,1603
1217,7,1604
1218,1,1591
1218,2,1592
1218,3,1593
1218,4,1594
1218,5,1595
1218,6,1596
1218,7,1597
1219,1,463
1219,2,464
1219,3,465
1220,1,716
1220,2,717
1220,3,718
1221,1,712
1221,2,713
1221,3,714
1221,4,715
1222,1,2341
1222,2,2342
1223,1,2363
1223,2,2364
1223,3,2365
1223,4,2366
1223,5,2367
1223,6,2368
1223,7,2369
1223,8,2370
1223,9,2371
1224,1,929
1224,2,930
1224,3,931
1224,4,932
1224,5,933
1224,6,934
1224,7,935
1224,8,936
1224,9,937
1224,10,938
1224,11,939
1224,12,940
1224,13,941
1224,14,942
1224,15,943
1224,16,944
1224,17,945
1224,18,946
1224,19,947
1224,20,948
1224,21,949
1224,22,950
1224,23,951
1224,24,952
1224,25,953
1224,26,954
1224,27,955
1224,28,956
1224,29,957
1224,30,958
1224,31,959
1224,32,960
1224,33,961
1224,34,962
1224,35,963
1224,36,964
1224,37,965
1224,38,966
1224,39,967
1224,40,968
1224,41,969
1224,42,970
1224,43,971
1224,44,972
1224,45,973
1224,46,974
1225,1,2339
1225,2,2340
1226,1,1392
1227,1,908
1227,2,909
1227,3,910
1227,4,911
1227,5,912
1228,1,2334
1228,2,2335
1228,3,2336
1228,4,2337
1229,1,42
1229,2,43
1230,1,1387
1230,2,1388
1230,3,1389
1230,4,1390
1231,1,905
1231,2,906
1231,3,907
1232,1,709
1232,2,710
1232,3,711
1233,1,1370
1233,2,1371
1234,1,899
1234,2,900
1234,3,901
1234,4,902
1234,5,903
1234,6,904
1235,1,2451
1235,2,2452
1236,1,704
1236,2,705
1236,3,706
1236,4,707
1236,5,708
1237,1,893
1237,2,894
1237,3,895
1237,4,896
1237,5,897
1237,6,898
1238,1,1367
1238,2,1368
1239,1,17
1239,2,18
1240,1,400
1240,2,401
1240,3,402
1240,4,403
1241,1,222
1241,2,223
1242,1,2062
1242,2,2063
1242,3,2064
1242,4,2065
1243,1,2058
1243,2,2059
1243,3,2060
1243,4,2061
1244,1,1175
1244,2,1176
1244,3,1177
1244,4,1186
1244,5,1178
1244,6,1187
1244,7,1180
1244,8,1179
1244,9,1181
1244,10,1170
1244,11,1165
1244,12,1182
1244,13,1171
1244,14,1183
1244,15,1188
1244,16,1166
1244,17,1189
1244,18,1167
1244,19,1168
1244,20,1172
1244,21,1169
1244,22,1190
1244,23,1173
1244,24,1174
1244,25,1184
1244,26,1185
1245,1,1494
1245,2,1495
1246,1,1361
1246,2,1362
1246,3,1363
1246,4,1364
1246,5,1365
1246,6,1366
1247,1,2398
1247,2,2399
1248,1,161
1248,2,162
1249,1,380
1249,2,381
1250,1,159
1250,2,160
1251,1,2343
1251,2,2344
1251,3,2345
1251,4,2346
1252,1,1693
1252,2,1694
1252,3,1695
1252,4,1696
1252,5,1697
1253,1,1143
1253,2,1144
1253,3,1145
1253,4,1146
1253,5,1147
1253,6,1148
1253,7,1149
1253,8,1150
1253,9,1151
1253,10,1152
1253,11,1153
1253,12,1154
1253,13,1155
1253,14,1156
1253,15,1157
1253,16,1158
1253,17,1159
1253,18,1160
1253,19,1161
1253,20,1162
1253,21,1163
1254,1,547
1254,2,548
1254,3,549
1255,1,267
1255,2,268
1255,3,269
1256,1,378
1256,2,379
1257,1,386
1257,2,387
1258,1,816
1258,2,817
1259,1,807
1259,2,808
1259,3,809
1260,1,804
1261,1,1475
1261,2,1476
1261,3,1477
1261,4,1478
1261,5,1479
1261,6,1480
1261,7,1481
1261,8,1482
1261,9,1483
1262,1,2299
1262,2,2300
1262,3,2301
1262,4,2302
1262,5,2303
1262,6,2304
1262,7,2305
1263,1,195
1263,2,196
1264,1,263
1264,2,264
1265,1,797
1265,2,798
1265,3,799
1265,4,800
1265,5,801
1265,6,802
1266,1,1484
1266,2,1485
1266,3,1486
1266,4,1487
1266,5,1488
1266,6,1489
1266,7,1490
1266,8,1491
1266,9,1492
1267,1,2292
1267,2,2293
1267,3,2294
1267,4,2295
1267,5,2296
1267,6,2297
1268,1,784
1268,2,785
1269,1,779
1269,2,780
1269,3,781
1270,1,1108
1270,2,1109
1270,3,1110
1270,4,1111
1270,5,1112
1270,6,1113
1270,7,1114
1270,8,1115
1270,9,1116
1270,10,1117
1270,11,1118
1270,12,1119
1270,13,1120
1270,14,1121
1270,15,1122
1270,16,1123
1270,17,1124
1270,18,1125
1270,19,1126
1270,20,1127
1270,21,1128
1270,22,1129
1270,23,1130
1270,24,1131
1270,25,1132
1270,26,1133
1270,27,1134
1270,28,1135
1270,29,1136
1270,30,1137
1270,31,1138
1270,32,1139
1270,33,1140
1270,34,1141
1270,35,1142
1271,1,1104
1271,2,1105
1271,3,1106
1271,4,1107
1272,1,667
1272,2,668
1273,1,1459
1273,2,1460
1273,3,1461
1273,4,1462
1273,5,1463
1273,6,1464
1273,7,1465
1273,8,1466
1274,1,1467
1274,2,1468
1274,3,1469
1274,4,1470
1274,5,1471
1274,6,1472
1274,7,1473
1274,8,1474
1275,1,1093
1275,2,1094
1275,3,1095
1275,4,1096
1275,5,1097
1275,6,1098
1275,7,1099
1275,8,1100
1275,9,1101
1275,10,1102
1275,11,1103
1276,1,2280
1276,2,2281
1276,3,2282
1276,4,2283
1276,5,2284
1276,6,2285
1276,7,2286
1276,8,2287
1276,9,2288
1276,10,2289
1276,11,2290
1276,12,2291
1277,1,1089
1277,2,1090
1277,3,1091
1277,4,1092
1278,1,191
1278,2,192
1279,1,789
1280,1,787
1280,2,788
1281,1,1083
1281,2,1081
1281,3,1078
1281,4,1082
1281,5,1080
1281,6,1079
1282,1,786
1283,1,782
1283,2,783
1284,1,111
1284,2,112
1284,3,113
1284,4,114
1284,5,115
1284,6,116
1285,1,2407
1285,2,2408
1286,1,109
1286,2,110
1287,1,1737
1287,2,1738
1288,1,1301
1288,2,1302
1288,3,1303
1288,4,1304
1288,5,1305
1288,6,1306
1288,7,1307
1288,8,1308
1288,9,1309
1288,10,1310
1288,11,1311
1288,12,1312
1288,13,1313
1288,14,1314
1288,15,1315
1288,16,1316
1288,17,1317
1288,18,1318
1288,19,1319
1288,20,1320
1288,21,1321
1288,22,1322
1288,23,1323
1288,24,1324
1288,25,1325
1288,26,1326
1288,27,1327
1288,28,1328
1288,29,1329
1288,30,1330
1288,31,1331
1288,32,1332
1289,1,866
1289,2,867
1290,1,107
1290,2,108
1291,1,1732
1291,2,1733
1292,1,1843
1292,2,1844
1292,3,1845
1292,4,1846
1292,5,1847
1292,6,1848
1292,7,1849
1292,8,1850
1293,1,462
1294,1,459
1294,2,460
1295,1,458
1296,1,89
1296,2,90
1296,3,91
1297,1,2351
1297,2,2352
1297,3,2353
1297,4,2354
1297,5,2355
1298,1,663
1298,2,664
1299,1,661
1299,2,662
1300,1,2402
1300,2,2403
1300,3,2401
1301,1,407
1301,2,408
1301,3,409
1302,1,599
1302,2,600
1303,1,596
1303,2,597
1303,3,598
1304,1,44
1304,2,45
1305,1,2054
1305,2,2053
1305,3,2052
1306,1,2049
1306,2,2050
1306,3,2051
1307,1,2042
1307,2,2043
1307,3,2044
1308,1,719
1308,2,720
1308,3,721
1309,1,2310
1309,2,2311
1309,3,2312
1309,4,2313
1309,5,2314
1309,6,2315
1309,7,2316
1309,8,2317
1309,9,2318
1309,10,2319
1309,11,2320
1309,12,2321
1309,13,2322
1309,14,2323
1309,15,2324
1309,16,2325
1309,17,2326
1309,18,2327
1309,19,2328
1309,20,2329
1309,21,2330
1309,22,2331
1309,23,2332
1309,24,2333
1310,1,224
1310,2,225
1311,1,2357
1311,2,2358
1311,3,2359
1311,4,2360
1311,5,2361
1311,6,2362
1312,1,1346
1312,2,1347
1312,3,1348
1312,4,1349
1312,5,1350
1312,6,1351
1312,7,1352
1312,8,1353
1312,9,1354
1312,10,1355
1312,11,1356
1312,12,1357
1312,13,1358
1312,14,1359
1312,15,1360
1313,1,744
1314,1,604
1314,2,605
1315,1,2035
1315,2,2036
1315,3,2037
1316,1,657
1316,2,658
1317,1,1579
1317,2,1580
1318,1,655
1318,2,656
1319,1,184
1319,2,185
1320,1,1333
1320,2,1334
1320,3,1335
1320,4,1336
1320,5,1337
1320,6,1338
1320,7,1339
1320,8,1340
1320,9,1341
1320,10,1342
1320,11,1343
1320,12,1344
1321,1,1446
1321,2,1447
1321,3,1448
1321,4,1449
1321,5,1450
1321,6,1451
1321,7,1452
1321,8,1453
1321,9,1454
1321,10,1455
1321,11,1456
1321,12,1457
1321,13,1458
1322,1,1072
1322,2,1073
1322,3,1074
1322,4,1075
1322,5,1076
1322,6,1077
1323,1,643
1323,2,644
1323,3,645
1324,1,2387
1324,2,2388
1325,1,617
1325,2,618
1325,3,619
1325,4,620
1325,5,621
1326,1,752
1326,2,753
1326,3,754
1327,1,1886
1327,2,1887
1328,1,2194
1328,2,2195
1329,1,1884
1329,2,1885
1330,1,2185
1330,2,2186
1330,3,2187
1330,4,2188
1330,5,2189
1330,6,2190
1330,7,2191
1330,8,2192
1331,1,1417
1331,2,1418
1331,3,1419
1331,4,1420
1331,5,1421
1331,6,1422
1331,7,1423
1331,8,1424
1331,9,1425
1331,10,1426
1331,11,1427
1331,12,1428
1331,13,1429
1331,14,1430
1331,15,1431
1331,16,1432
1331,17,1433
1331,18,1434
1331,19,1435
1331,20,1436
1331,21,1437
1331,22,1438
1331,23,1439
1331,24,1440
1331,25,1441
1331,26,1442
1332,1,577
1332,2,578
1332,3,579
1332,4,580
1333,1,182
1333,2,183
1334,1,2177
1334,2,2178
1334,3,2179
1334,4,2180
1334,5,2181
1334,6,2182
1334,7,2183
1334,8,2184
1335,1,2256
1335,2,2257
1336,1,2254
1336,2,2255
1337,1,1066
1337,2,1046
1337,3,1067
1337,4,1061
1337,5,1047
1337,6,1068
1337,7,1051
1337,8,1056
1337,9,1069
1337,10,1062
1337,11,1052
1337,12,1048
1337,13,1049
1337,14,1070
1337,15,1063
1337,16,1053
1337,17,1054
1337,18,1057
1337,19,1064
1337,20,1050
1337,21,1055
1337,22,1058
1337,23,1059
1337,24,1065
1337,25,1060
1337,26,1071
1338,1,2252
1338,2,2253
1339,1,1613
1339,2,1614
1339,3,1615
1339,4,1616
1339,5,1617
1339,6,1618
1339,7,1619
1339,8,1620
1339,9,1621
1339,10,1622
1340,1,1270
1340,2,1271
1340,3,1272
1341,1,1685
1341,2,1686
1341,3,1687
1342,1,1264
1342,2,1265
1342,3,1266
1343,1,1242
1343,2,1243
1343,3,1244
1344,1,1028
1344,2,1029
1344,3,1030
1344,4,1037
1344,5,1038
1344,6,1031
1344,7,1039
1344,8,1040
1344,9,1032
1344,10,1041
1344,11,1033
1344,12,1042
1344,13,1034
1344,14,1035
1344,15,1036
1344,16,1043
1344,17,1044
1344,18,1045
1345,1,615
1345,2,616
1346,1,1676
1346,2,1677
1346,3,1678
1347,1,1232
1347,2,1233
1347,3,1234
1347,4,1235
1347,5,1236
1347,6,1237
1348,1,1024
1348,2,1025
1349,1,1022
1349,2,1023
1350,1,38
1350,2,39
1350,3,40
1351,1,1227
1351,2,1228
1351,3,1229
1351,4,1230
1352,1,1223
1352,2,1224
1352,3,1225
1352,4,1226
1353,1,613
1353,2,614
1354,1,34
1354,2,35
1354,3,36
1354,4,37
1355,1,611
1355,2,612
1356,1,1669
1356,2,1670
1357,1,2067
1357,2,2068
1358,1,1567
1358,2,1568
1359,1,2055
1359,2,2056
1359,3,2057
1360,1,2040
1360,2,2041
1361,1,2038
1361,2,2039
1362,1,770
1362,2,771
1362,3,772
1363,1,2389
1363,2,2390
1363,3,2391
1363,4,2392
1364,1,1247
1364,2,1248
1364,3,1249
1365,1,1552
1365,2,1553
1365,3,1554
1365,4,1555
1366,1,98
1366,2,99
1366,3,100
1367,1,2166
1367,2,2167
1367,3,2168
1368,1,2163
1368,2,2164
1368,3,2165
1369,1,507
1369,2,508
1370,1,1550
1370,2,1551
1371,1,591
1371,2,592
1371,3,593
1372,1,2011
1372,2,2012
1372,3,2013
1372,4,2014
1372,5,2015
1373,1,589
1373,2,590
1374,1,2157
1374,2,2158
1375,1,2155
1375,2,2156
1376,1,2124
1376,2,2125
1377,1,2002
1377,2,2003
1377,3,2004
1377,4,2005
1378,1,2274
1378,2,2275
1379,1,1563
1379,2,1564
1379,3,1565
1380,1,1984
1380,2,1985
1381,1,1557
1381,2,1558
1382,1,2219
1382,2,2220
1383,1,2030
1383,2,2031
1384,1,774
1384,2,775
1384,3,776
1384,4,777
1384,5,778
1385,1,586
1385,2,587
1385,3,588
1386,1,1444
1386,2,1445
1387,1,759
1387,2,760
1388,1,483
1388,2,484
1389,1,761
1389,2,762
1390,1,250
1390,2,251
1391,1,653
1391,2,654
1392,1,2018
1392,2,2019
1392,3,2020
1392,4,2021
1393,1,1407
1393,2,1408
1393,3,1409
1393,4,1410
1393,5,1411
1393,6,1412
1393,7,1413
1393,8,1414
1393,9,1415
1393,10,1416
1394,1,2045
1394,2,2046
1394,3,2047
1395,1,650
1395,2,651
1395,3,652
1396,1,2026
1396,2,2027
1396,3,2028
1396,4,2029
1397,1,1937
1397,2,1938
1397,3,1939
1398,1,2022
1398,2,2023
1398,3,2024
1398,4,2025
1399,1,1714
1399,2,1715
1399,3,1716
1399,4,1717
1399,5,1718
1399,6,1719
1400,1,1821
1400,2,1822
1400,3,1823
1400,4,1824
1400,5,1825
1400,6,1826
1400,7,1827
1400,8,1828
1400,9,1829
1400,10,1830
1400,11,1831
1400,12,1832
1400,13,1833
1400,14,1834
1400,15,1835
1400,16,1836
1400,17,1837
1400,18,1838
1400,19,1839
1400,20,1840
1401,1,1968
1401,2,1969
1401,3,1970
1401,4,1971
1401,5,1972
1401,6,1973
1401,7,1974
1401,8,1975
1401,9,1976
1401,10,1977
1401,11,1978
1401,12,1979
1401,13,1980
1401,14,1981
1401,15,1982
1401,16,1983
1402,1,1934
1402,2,1935
1402,3,1936
1403,1,2016
1403,2,2017
1404,1,1744
1404,2,1745
1404,3,1746
1405,1,1735
1405,2,1736
1406,1,1900
1406,2,1901
1406,3,1902
1406,4,1903
1407,1,1898
1407,2,1899
1408,1,765
1408,2,766
1408,3,767
1409,1,1704
1409,2,1705
1409,3,1706
1409,4,1707
1409,5,1708
1409,6,1709
1409,7,1710
1409,8,1711
1409,9,1712
1410,1,1895
1410,2,1896
1411,1,1892
1411,2,1893
1412,1,1914
1412,2,1915
1412,3,1916
1412,4,1917
1413,1,392
1413,2,393
1414,1,1920
1414,2,1921
1414,3,1918
1414,4,1919
1415,1,2032
1415,2,2033
1415,3,2034
1416,1,2103
1416,2,2104
1417,1,2101
1417,2,2102
1418,1,1688
1418,2,1689
1418,3,1690
1418,4,1691
1418,5,1692
1419,1,343
1419,2,344
1420,1,354
1420,2,355
1421,1,389
1421,2,390
1422,1,527
1422,2,528
1423,1,2382
1423,2,2383
1423,3,2384
1423,4,2385
1424,1,1199
1424,2,1200
1425,1,594
1425,2,595
1426,1,1853
1426,2,1854
1427,1,2085
1427,2,2086
1428,1,2083
1428,2,2084
1429,1,446
1430,1,639
1430,2,640
1430,3,641
1431,1,2072
1431,2,2073
1432,1,1807
1432,2,1808
1432,3,1809
1432,4,1810
1432,5,1811
1432,6,1812
1432,7,1813
1432,8,1814
1432,9,1815
1432,10,1816
1433,1,2076
1433,2,2077
1434,1,2074
1434,2,2075
1435,1,2131
1435,2,2132
1436,1,2129
1436,2,2130
1437,1,1767
1437,2,1768
1437,3,1769
1437,4,1770
1438,1,1212
1438,2,1213
1438,3,1214
1438,4,1215
1438,5,1216
1438,6,1217
1438,7,1218
1438,8,1219
1438,9,1220
1438,10,1221
1438,11,1222
1439,1,1680
1439,2,1681
1440,1,397
1440,2,398
1441,1,2197
1441,2,2198
1442,1,1666
1442,2,1667
1443,1,1201
1443,2,1202
1443,3,1203
1443,4,1204
1443,5,1205
1443,6,1206
1443,7,1207
1443,8,1208
1443,9,1209
1443,10,1210
1443,11,1211
1444,1,1011
1444,2,1012
1444,3,1000
1444,4,1001
1444,5,1013
1444,6,1002
1444,7,1003
1444,8,1014
1444,9,1015
1444,10,1016
1444,11,1017
1444,12,1004
1444,13,1018
1444,14,1019
1444,15,1005
1444,16,1006
1444,17,1007
1444,18,1008
1444,19,1009
1444,20,1020
1444,21,1010
1444,22,1021
1445,1,1662
1445,2,1663
1445,3,1664
1446,1,1193
1446,2,1194
1446,3,1195
1446,4,1196
1446,5,1197
1446,6,1198
1447,1,1659
1447,2,1660
1447,3,1661
1448,1,1657
1448,2,1658
1449,1,2151
1449,2,2152
1450,1,2174
1450,2,2175
1450,3,2176
1451,1,1086
1451,2,1087
1452,1,1654
1452,2,1655
1453,1,1084
1453,2,1085
1454,1,2161
1454,2,2162
1455,1,2159
1455,2,2160
1456,1,673
1456,2,674
1457,1,1546
1457,2,1547
1457,3,1548
1458,1,1651
1458,2,1652
1459,1,975
1459,2,976
1459,3,977
1459,4,978
1459,5,979
1459,6,980
1459,7,981
1459,8,982
1459,9,983
1459,10,984
1459,11,985
1459,12,986
1459,13,987
1459,14,988
1459,15,989
1459,16,990
1459,17,991
1459,18,992
1459,19,993
1459,20,994
1459,21,995
1459,22,996
1459,23,997
1459,24,998
1459,25,999
1460,1,1648
1460,2,1649
1461,1,246
1461,2,247
1461,3,248
1462,1,606
1462,2,607
1462,3,608
1462,4,609
1462,5,610
1463,1,1539
1463,2,1540
1463,3,1541
1464,1,1645
1464,2,1646
1465,1,1536
1465,2,1537
1466,1,1635
1466,2,1636
1466,3,1637
1466,4,1638
1466,5,1639
1466,6,1640
1466,7,1641
1466,8,1642
1466,9,1643
1467,1,913
1467,2,914
1467,3,915
1467,4,916
1467,5,917
1467,6,918
1467,7,919
1467,8,920
1467,9,921
1467,10,922
1467,11,923
1467,12,924
1467,13,925
1467,14,926
1467,15,927
1467,16,928
1468,1,96
1468,2,97
1469,1,1629
1469,2,1630
1469,3,1631
1469,4,1632
1469,5,1633
1469,6,1634
1470,1,1623
1470,2,1624
1470,3,1625
1470,4,1626
1470,5,1627
1470,6,1628
1471,1,1610
1471,2,1611
1471,3,1612
1472,1,1513
1472,2,1514
1472,3,1515
1472,4,1516
1472,5,1517
1472,6,1518
1472,7,1519
1472,8,1520
1472,9,1521
1472,10,1522
1472,11,1523
1472,12,1524
1472,13,1525
1472,14,1526
1472,15,1527
1472,16,1528
1472,17,1529
1472,18,1530
1472,19,1531
1472,20,1532
1472,21,1533
1472,22,1534
1473,1,84
1473,2,85
1474,1,757
1474,2,758
1475,1,1606
1475,2,1607
1475,3,1608
1476,1,1254
1476,2,1255
1477,1,1507
1477,2,1508
1478,1,256
1478,2,257
1479,1,1250
1479,2,1251
1480,1,749
1480,2,750
1481,1,1509
1481,2,1510
1482,1,2006
1482,2,2007
1482,3,2008
1482,4,2009
1482,5,2010
1483,1,1240
1483,2,1241
1484,1,2375
1484,2,2376
1485,1,1238
1485,2,1239
1486,1,557
1486,2,558
1487,1,1772
1487,2,1773
1487,3,1774
1487,4,1775
1487,5,1776
1487,6,1777
1487,7,1778
1487,8,1779
1487,9,1780
1487,10,1781
1487,11,1782
1487,12,1783
1487,13,1784
1487,14,1785
1487,15,1786
1487,16,1787
1487,17,1788
1487,18,1789
1487,19,1790
1487,20,1791
1487,21,1792
1487,22,1793
1487,23,1794
1487,24,1795
1487,25,1796
1487,26,1797
1487,27,1798
1487,28,1799
1487,29,1800
1487,30,1801
1487,31,1802
1487,32,1803
1487,33,1804
1487,34,1805
1487,35,1806
1488,1,870
1489,1,1986
1489,2,1987
1489,3,1988
1489,4,1989
1489,5,1990
1489,6,1991
1489,7,1992
1489,8,1993
1489,9,1994
1489,10,1995
1489,11,1996
1489,12,1997
1489,13,1998
1489,14,1999
1489,15,2000
1489,16,2001
1490,1,22
1490,2,23
1490,3,24
1491,1,623
1491,2,624
1491,3,625
1491,4,626
1491,5,627
1492,1,854
1492,2,855
1493,1,583
1493,2,584
1493,3,585
1494,1,21
1495,1,1741
1495,2,1742
1496,1,1739
1496,2,1740
1497,1,2405
1497,2,2406
1498,1,2393
1498,2,2394
1499,1,551
1499,2,552
1499,3,553
1500,1,860
1500,2,861
1500,3,862
1501,1,858
1501,2,859
1502,1,851
1502,2,852
1502,3,853
1503,1,844
1503,2,845
1503,3,846
1503,4,847
1503,5,848
1504,1,2306
1504,2,2307
1504,3,2308
1505,1,1931
1505,2,1932
1505,3,1933
1506,1,2372
1506,2,2373
1506,3,2374
1507,1,1928
1507,2,1929
1507,3,1930
1508,1,834
1508,2,835
1508,3,836
1508,4,837
1508,5,838
1508,6,839
1508,7,840
1508,8,841
1508,9,842
1508,10,843
1509,1,2090
1509,2,2091
1510,1,575
1510,2,576
1511,1,820
1511,2,821
1512,1,2087
1512,2,2088
1513,1,2080
1513,2,2081
1514,1,571
1514,2,572
1514,3,573
1514,4,574
1515,1,375
1515,2,376
1515,3,377
1516,1,1505
1516,2,1506
1517,1,1503
1517,2,1504
1518,1,1381
1518,2,1382
1518,3,1383
1518,4,1384
1518,5,1385
1518,6,1386
1519,1,52
1519,2,53
1520,1,345
1520,2,346
1521,1,570
1522,1,348
1522,2,349
1523,1,1376
1523,2,1377
1523,3,1378
1523,4,1379
1523,5,1380
1524,1,1373
1524,2,1374
1524,3,1375
1525,1,319
1525,2,320
1526,1,341
1526,2,342
1527,1,337
1527,2,338
1527,3,339
1527,4,340
1528,1,1948
1528,2,1949
1529,1,253
1529,2,254
1530,1,1944
1530,2,1945
1531,1,1962
1531,2,1963
1531,3,1964
1532,1,1904
1532,2,1905
1533,1,1959
1533,2,1960
1533,3,1961
1534,1,505
1534,2,506
1535,1,1950
1535,2,1951
1535,3,1952
1535,4,1953
1535,5,1954
1536,1,1542
1536,2,1543
1536,3,1544
1537,1,1946
1537,2,1947
1538,1,92
1538,2,93
1538,3,94
1539,1,2153
1539,2,2154
1540,1,414
1540,2,415
