student_id,class_id
7,1466
7,1473
7,1465
7,1472
7,1474
7,1464
123,1768
123,1767
277,1490
277,1483
277,1480
277,1491
277,1481
277,1489
277,1479
277,1482
277,1492
277,1488
339,1466
339,1473
339,1465
339,1472
339,1474
339,1464
373,1768
373,1767
463,2061
463,2060
463,2064
463,2065
518,1468
518,1463
518,1473
518,1459
518,1467
518,1474
518,1460
518,1471
518,1466
518,1461
518,1470
518,1465
518,1462
518,1469
519,37
614,2061
614,2060
614,2064
614,2065
930,37
951,37
954,37
956,34
956,36
956,35
960,37
993,1466
993,1473
993,1465
993,1472
993,1474
993,1464
1005,1769
1005,1770
1173,1768
1173,1767
1227,2059
1227,2063
1227,2061
1227,2058
1227,2065
1227,2062
1241,2059
1241,2063
1241,2061
1241,2058
1241,2065
1241,2062
1252,37
1256,34
1256,36
1256,35
1274,1490
1274,1491
1274,1481
1274,1476
1274,1485
1274,1484
1274,1477
1274,1492
1274,1488
1274,1483
1274,1478
1274,1487
1274,1479
1274,1475
1274,1482
1274,1486
1291,37
1347,2061
1347,2060
1347,2064
1347,2065
1359,37
1367,2061
1367,2060
1367,2064
1367,2065
1383,839
1383,837
1383,842
1383,840
1383,834
1383,836
1383,838
1383,841
1383,843
1436,37
1525,37
1551,839
1551,837
1551,842
1551,840
1551,834
1551,836
1551,838
1551,841
1551,843
1621,1768
1621,1767
1679,34
1679,36
1679,35
1680,34
1680,36
1680,35
1696,1768
1696,1767
1699,37
1712,1768
1712,1767
1749,37
1751,37
1757,839
1757,837
1757,842
1757,840
1757,834
1757,836
1757,838
1757,841
1757,843
1769,37
1784,37
1818,37
1833,37
1836,34
1836,36
1836,35
1900,34
1900,36
1900,35
1912,37
1936,1466
1936,1473
1936,1465
1936,1472
1936,1474
1936,1464
1937,37
1939,1480
1939,1476
1939,1485
1939,1484
1939,1477
1939,1492
1939,1488
1939,1483
1939,1478
1939,1487
1939,1489
1939,1479
1939,1475
1939,1486
1944,37
1950,37
1951,37
1953,1468
1953,1463
1953,1461
1953,1459
1953,1470
1953,1467
1953,1472
1953,1462
1953,1460
1953,1471
1953,1464
1953,1469
1961,34
1961,36
1961,35
2018,37
2019,37
2038,37
2048,37
2058,1490
2058,1483
2058,1480
2058,1491
2058,1481
2058,1489
2058,1479
2058,1482
2058,1492
2058,1488
2086,1490
2086,1480
2086,1491
2086,1481
2086,1476
2086,1485
2086,1484
2086,1477
2086,1492
2086,1483
2086,1478
2086,1487
2086,1489
2086,1475
2086,1482
2086,1486
2093,37
2094,34
2094,36
2094,35
2105,37
2112,37
2154,37
2172,37
2186,37
2202,37
2252,1490
2252,1483
2252,1480
2252,1491
2252,1481
2252,1489
2252,1479
2252,1482
2252,1492
2252,1488
2261,37
2345,37
2424,1466
2424,1473
2424,1465
2424,1472
2424,1474
2424,1464
2482,37
2490,37
2509,37
2534,1490
2534,1483
2534,1480
2534,1491
2534,1481
2534,1489
2534,1479
2534,1482
2534,1492
2534,1488
2619,37
2662,1466
2662,1473
2662,1465
2662,1472
2662,1474
2662,1464
2708,37
2768,2059
2768,2063
2768,2058
2768,2060
2768,2064
2768,2062
2807,839
2807,837
2807,842
2807,840
2807,834
2807,836
2807,838
2807,841
2807,843
2845,37
2903,37
2946,1490
2946,1480
2946,1491
2946,1481
2946,1476
2946,1485
2946,1484
2946,1477
2946,1492
2946,1483
2946,1478
2946,1487
2946,1489
2946,1475
2946,1482
2946,1486
2955,1468
2955,1463
2955,1473
2955,1459
2955,1467
2955,1474
2955,1460
2955,1471
2955,1466
2955,1461
2955,1470
2955,1465
2955,1462
2955,1469
3049,1480
3049,1476
3049,1485
3049,1484
3049,1477
3049,1492
3049,1488
3049,1483
3049,1478
3049,1487
3049,1489
3049,1479
3049,1475
3049,1486
3051,37
3074,37
3113,1768
3113,1767
3139,1768
3139,1767
3141,37
3143,2059
3143,2063
3143,2058
3143,2060
3143,2064
3143,2062
3229,1490
3229,1483
3229,1480
3229,1491
3229,1481
3229,1489
3229,1479
3229,1482
3229,1492
3229,1488
3285,37
3311,839
3311,837
3311,842
3311,840
3311,834
3311,836
3311,838
3311,841
3311,843
3373,37
3483,839
3483,837
3483,842
3483,840
3483,834
3483,836
3483,838
3483,841
3483,843
3525,34
3525,36
3525,35
3534,37
3539,37
3581,37
3600,1768
3600,1767
3653,37
3669,37
3698,1466
3698,1473
3698,1465
3698,1472
3698,1474
3698,1464
3721,2061
3721,2060
3721,2064
3721,2065
3774,37
3789,37
3804,1466
3804,1473
3804,1465
3804,1472
3804,1474
3804,1464
3837,1490
3837,1480
3837,1491
3837,1481
3837,1476
3837,1485
3837,1484
3837,1477
3837,1488
3837,1478
3837,1487
3837,1489
3837,1479
3837,1475
3837,1482
3837,1486
3870,2061
3870,2060
3870,2064
3870,2065
3896,1490
3896,1483
3896,1480
3896,1491
3896,1481
3896,1489
3896,1479
3896,1482
3896,1492
3896,1488
3910,37
3924,1490
3924,1483
3924,1480
3924,1491
3924,1481
3924,1489
3924,1479
3924,1482
3924,1492
3924,1488
4023,37
4026,1768
4026,1767
4054,1768
4054,1767
4145,1490
4145,1483
4145,1480
4145,1491
4145,1481
4145,1489
4145,1479
4145,1482
4145,1492
4145,1488
4155,1490
4155,1491
4155,1481
4155,1476
4155,1485
4155,1484
4155,1477
4155,1492
4155,1488
4155,1483
4155,1478
4155,1487
4155,1479
4155,1475
4155,1482
4155,1486
4188,37
4212,1490
4212,1483
4212,1480
4212,1491
4212,1481
4212,1489
4212,1479
4212,1482
4212,1492
4212,1488
4253,109
4253,114
4253,116
4253,112
4253,113
4253,115
4256,1468
4256,1463
4256,1461
4256,1459
4256,1470
4256,1467
4256,1472
4256,1462
4256,1460
4256,1471
4256,1464
4256,1469
4276,839
4276,837
4276,842
4276,840
4276,834
4276,836
4276,838
4276,841
4276,843
4290,839
4290,837
4290,842
4290,840
4290,834
4290,836
4290,838
4290,841
4290,843
4306,37
4314,1466
4314,1473
4314,1465
4314,1472
4314,1474
4314,1464
4439,34
4439,36
4439,35
4470,1768
4470,1767
4615,37
4640,1490
4640,1483
4640,1480
4640,1491
4640,1481
4640,1489
4640,1479
4640,1482
4640,1492
4640,1488
4646,1466
4646,1473
4646,1465
4646,1472
4646,1474
4646,1464
4650,1490
4650,1483
4650,1480
4650,1491
4650,1481
4650,1489
4650,1479
4650,1482
4650,1492
4650,1488
4683,1769
4683,1770
4699,37
4706,839
4706,837
4706,842
4706,840
4706,834
4706,836
4706,838
4706,841
4706,843
4757,839
4757,837
4757,842
4757,840
4757,834
4757,836
4757,838
4757,841
4757,843
4763,1490
4763,1483
4763,1480
4763,1491
4763,1481
4763,1489
4763,1479
4763,1482
4763,1492
4763,1488
4794,1490
4794,1480
4794,1491
4794,1481
4794,1476
4794,1485
4794,1484
4794,1477
4794,1492
4794,1483
4794,1478
4794,1487
4794,1489
4794,1475
4794,1482
4794,1486
4797,1466
4797,1473
4797,1465
4797,1472
4797,1474
4797,1464
4855,2059
4855,2063
4855,2061
4855,2058
4855,2065
4855,2062
4858,1466
4858,1473
4858,1465
4858,1472
4858,1474
4858,1464
4895,1490
4895,1483
4895,1480
4895,1491
4895,1481
4895,1489
4895,1479
4895,1482
4895,1492
4895,1488
4897,2061
4897,2060
4897,2064
4897,2065
4962,109
4962,114
4962,116
4962,112
4962,113
4962,115
4971,37
4974,839
4974,837
4974,842
4974,840
4974,834
4974,836
4974,838
4974,841
4974,843
5115,1490
5115,1483
5115,1480
5115,1491
5115,1481
5115,1489
5115,1479
5115,1482
5115,1492
5115,1488
5128,2061
5128,2060
5128,2064
5128,2065
5168,1466
5168,1473
5168,1465
5168,1472
5168,1474
5168,1464
5204,37
5214,1466
5214,1473
5214,1465
5214,1472
5214,1474
5214,1464
5222,37
5236,1768
5236,1767
5240,37
5337,34
5337,36
5337,35
5501,1768
5501,1767
5613,2061
5613,2060
5613,2064
5613,2065
5788,2061
5788,2060
5788,2064
5788,2065
6013,1466
6013,1473
6013,1465
6013,1472
6013,1474
6013,1464
6045,1466
6045,1473
6045,1465
6045,1472
6045,1474
6045,1464
6061,1768
6061,1767
6116,1466
6116,1473
6116,1465
6116,1472
6116,1474
6116,1464
6229,839
6229,837
6229,842
6229,840
6229,834
6229,836
6229,838
6229,841
6229,843
6251,37
6268,37
6277,37
6297,1490
6297,1491
6297,1481
6297,1476
6297,1485
6297,1484
6297,1477
6297,1492
6297,1488
6297,1483
6297,1478
6297,1487
6297,1479
6297,1475
6297,1482
6297,1486
6308,37
6312,37
6315,839
6315,837
6315,842
6315,840
6315,834
6315,836
6315,838
6315,841
6315,843
6316,37
6321,37
6324,34
6324,36
6324,35
6332,37
6334,37
6344,37
6345,37
6360,109
6360,114
6360,116
6360,112
6360,113
6360,115
6372,37
6390,37
6391,34
6391,36
6391,35
6393,1468
6393,1463
6393,1461
6393,1459
6393,1470
6393,1467
6393,1472
6393,1462
6393,1460
6393,1471
6393,1464
6393,1469
6428,37
6591,34
6591,36
6591,35
6627,37
6632,37
6634,839
6634,837
6634,842
6634,840
6634,834
6634,836
6634,838
6634,841
6634,843
6668,37
6676,1468
6676,1463
6676,1473
6676,1459
6676,1467
6676,1474
6676,1460
6676,1471
6676,1466
6676,1461
6676,1470
6676,1465
6676,1462
6676,1469
6705,1466
6705,1473
6705,1465
6705,1472
6705,1474
6705,1464
6720,37
6731,1468
6731,1463
6731,1461
6731,1459
6731,1470
6731,1467
6731,1472
6731,1462
6731,1460
6731,1471
6731,1464
6731,1469
6749,37
6752,1468
6752,1463
6752,1473
6752,1459
6752,1467
6752,1474
6752,1460
6752,1471
6752,1466
6752,1461
6752,1470
6752,1465
6752,1462
6752,1469
6790,37
6798,37
6834,37
6844,1468
6844,1463
6844,1473
6844,1459
6844,1467
6844,1474
6844,1460
6844,1471
6844,1466
6844,1461
6844,1470
6844,1465
6844,1462
6844,1469
6852,37
6875,1468
6875,1463
6875,1461
6875,1459
6875,1470
6875,1467
6875,1472
6875,1462
6875,1460
6875,1471
6875,1464
6875,1469
6876,37
6878,1768
6878,1767
6896,1768
6896,1767
6899,37
6917,1468
6917,1463
6917,1461
6917,1459
6917,1470
6917,1467
6917,1472
6917,1462
6917,1460
6917,1471
6917,1464
6917,1469
6933,1468
6933,1463
6933,1461
6933,1459
6933,1470
6933,1467
6933,1472
6933,1462
6933,1460
6933,1471
6933,1464
6933,1469
6934,37
6965,1769
6965,1770
6998,37
7041,1468
7041,1463
7041,1461
7041,1459
7041,1470
7041,1467
7041,1472
7041,1462
7041,1460
7041,1471
7041,1464
7041,1469
7085,37
7104,1490
7104,1480
7104,1491
7104,1481
7104,1476
7104,1485
7104,1484
7104,1477
7104,1492
7104,1483
7104,1478
7104,1487
7104,1489
7104,1475
7104,1482
7104,1486
7109,1466
7109,1473
7109,1465
7109,1472
7109,1474
7109,1464
7118,1769
7118,1770
7122,1490
7122,1483
7122,1480
7122,1491
7122,1481
7122,1489
7122,1479
7122,1482
7122,1492
7122,1488
7130,1466
7130,1473
7130,1465
7130,1472
7130,1474
7130,1464
7137,1769
7137,1770
7138,37
7145,1490
7145,1483
7145,1480
7145,1491
7145,1481
7145,1489
7145,1479
7145,1482
7145,1492
7145,1488
7177,37
7180,839
7180,837
7180,842
7180,840
7180,834
7180,836
7180,838
7180,841
7180,843
7192,1480
7192,1476
7192,1485
7192,1484
7192,1477
7192,1492
7192,1488
7192,1483
7192,1478
7192,1487
7192,1489
7192,1479
7192,1475
7192,1486
7221,1490
7221,1480
7221,1491
7221,1481
7221,1476
7221,1485
7221,1484
7221,1477
7221,1492
7221,1483
7221,1478
7221,1487
7221,1489
7221,1475
7221,1482
7221,1486
7223,1480
7223,1476
7223,1485
7223,1484
7223,1477
7223,1492
7223,1488
7223,1483
7223,1478
7223,1487
7223,1489
7223,1479
7223,1475
7223,1486
7239,1490
7239,1491
7239,1481
7239,1476
7239,1485
7239,1484
7239,1477
7239,1492
7239,1488
7239,1483
7239,1478
7239,1487
7239,1479
7239,1475
7239,1482
7239,1486
7251,1480
7251,1476
7251,1485
7251,1484
7251,1477
7251,1492
7251,1488
7251,1483
7251,1478
7251,1487
7251,1489
7251,1479
7251,1475
7251,1486
7262,37
7286,1468
7286,1463
7286,1473
7286,1459
7286,1467
7286,1474
7286,1460
7286,1471
7286,1466
7286,1461
7286,1470
7286,1465
7286,1462
7286,1469
7288,1468
7288,1463
7288,1473
7288,1459
7288,1467
7288,1474
7288,1460
7288,1471
7288,1466
7288,1461
7288,1470
7288,1465
7288,1462
7288,1469
7290,37
7309,37
7312,1769
7312,1770
7315,1466
7315,1473
7315,1465
7315,1472
7315,1474
7315,1464
7316,37
7334,1480
7334,1476
7334,1485
7334,1484
7334,1477
7334,1492
7334,1488
7334,1483
7334,1478
7334,1487
7334,1489
7334,1479
7334,1475
7334,1486
7343,37
7360,1490
7360,1483
7360,1480
7360,1491
7360,1481
7360,1489
7360,1479
7360,1482
7360,1492
7360,1488
7393,37
7412,1468
7412,1463
7412,1461
7412,1459
7412,1470
7412,1467
7412,1472
7412,1462
7412,1460
7412,1471
7412,1464
7412,1469
7424,1468
7424,1463
7424,1461
7424,1459
7424,1470
7424,1467
7424,1472
7424,1462
7424,1460
7424,1471
7424,1464
7424,1469
7453,37
7470,1468
7470,1463
7470,1473
7470,1459
7470,1467
7470,1474
7470,1460
7470,1471
7470,1466
7470,1461
7470,1470
7470,1465
7470,1462
7470,1469
7485,1480
7485,1476
7485,1485
7485,1484
7485,1477
7485,1492
7485,1488
7485,1483
7485,1478
7485,1487
7485,1489
7485,1479
7485,1475
7485,1486
7493,37
7532,37
7534,1490
7534,1491
7534,1481
7534,1476
7534,1485
7534,1484
7534,1477
7534,1492
7534,1488
7534,1483
7534,1478
7534,1487
7534,1479
7534,1475
7534,1482
7534,1486
7554,1468
7554,1463
7554,1461
7554,1459
7554,1470
7554,1467
7554,1472
7554,1462
7554,1460
7554,1471
7554,1464
7554,1469
7555,37
7592,1490
7592,1483
7592,1480
7592,1491
7592,1481
7592,1489
7592,1479
7592,1482
7592,1492
7592,1488
7615,37
7628,1769
7628,1770
7672,34
7672,36
7672,35
7796,37
7804,37
7866,37
7939,839
7939,837
7939,842
7939,840
7939,834
7939,836
7939,838
7939,841
7939,843
7992,37
8063,34
8063,36
8063,35
8138,37
8141,37
8163,2059
8163,2063
8163,2061
8163,2058
8163,2065
8163,2062
8201,1468
8201,1463
8201,1461
8201,1459
8201,1470
8201,1467
8201,1472
8201,1462
8201,1460
8201,1471
8201,1464
8201,1469
8210,1466
8210,1473
8210,1465
8210,1472
8210,1474
8210,1464
8211,1490
8211,1483
8211,1480
8211,1491
8211,1481
8211,1489
8211,1479
8211,1482
8211,1492
8211,1488
8214,1466
8214,1473
8214,1465
8214,1472
8214,1474
8214,1464
8315,1468
8315,1463
8315,1473
8315,1459
8315,1467
8315,1474
8315,1460
8315,1471
8315,1466
8315,1461
8315,1470
8315,1465
8315,1462
8315,1469
8344,1490
8344,1483
8344,1480
8344,1491
8344,1481
8344,1489
8344,1479
8344,1482
8344,1492
8344,1488
8405,37
8503,37
8542,37
8545,1768
8545,1767
8553,37
8554,37
8557,37
8560,37
8619,2059
8619,2063
8619,2061
8619,2058
8619,2065
8619,2062
8634,2340
8634,2342
8634,2339
8634,2341
8647,1769
8647,1770
8702,37
8757,37
8765,1468
8765,1463
8765,1473
8765,1459
8765,1467
8765,1474
8765,1460
8765,1471
8765,1466
8765,1461
8765,1470
8765,1465
8765,1462
8765,1469
8770,34
8770,36
8770,35
8798,37
8799,37
8805,37
8812,2059
8812,2063
8812,2058
8812,2060
8812,2064
8812,2062
8882,34
8882,36
8882,35
8893,1490
8893,1483
8893,1480
8893,1491
8893,1481
8893,1489
8893,1479
8893,1482
8893,1492
8893,1488
8895,839
8895,837
8895,842
8895,840
8895,834
8895,836
8895,838
8895,841
8895,843
8905,1490
8905,1483
8905,1480
8905,1491
8905,1481
8905,1489
8905,1479
8905,1482
8905,1492
8905,1488
8912,37
8920,1480
8920,1476
8920,1485
8920,1484
8920,1477
8920,1492
8920,1488
8920,1483
8920,1478
8920,1487
8920,1489
8920,1479
8920,1475
8920,1486
8927,34
8927,36
8927,35
8951,37
8976,37
8996,37
9019,1768
9019,1767
9033,37
9039,37
9111,37
9123,1490
9123,1483
9123,1480
9123,1491
9123,1481
9123,1489
9123,1479
9123,1482
9123,1492
9123,1488
9127,37
9140,37
9147,37
9151,37
9152,37
9217,37
9219,37
9230,37
9241,37
9243,109
9243,114
9243,116
9243,112
9243,113
9243,115
9245,839
9245,837
9245,842
9245,840
9245,834
9245,836
9245,838
9245,841
9245,843
9275,37
9335,1768
9335,1767
9372,1490
9372,1480
9372,1491
9372,1481
9372,1476
9372,1485
9372,1484
9372,1477
9372,1492
9372,1483
9372,1478
9372,1487
9372,1489
9372,1475
9372,1482
9372,1486
9376,1490
9376,1480
9376,1491
9376,1481
9376,1476
9376,1485
9376,1484
9376,1477
9376,1492
9376,1483
9376,1478
9376,1487
9376,1489
9376,1475
9376,1482
9376,1486
9384,37
9398,37
9427,37
9515,37
9546,37
9550,109
9550,114
9550,116
9550,112
9550,113
9550,115
9554,1490
9554,1483
9554,1480
9554,1491
9554,1481
9554,1489
9554,1479
9554,1482
9554,1492
9554,1488
9563,37
9625,1466
9625,1473
9625,1465
9625,1472
9625,1474
9625,1464
9765,1468
9765,1463
9765,1473
9765,1459
9765,1467
9765,1474
9765,1460
9765,1471
9765,1466
9765,1461
9765,1470
9765,1465
9765,1462
9765,1469
9772,1490
9772,1483
9772,1480
9772,1491
9772,1481
9772,1489
9772,1479
9772,1482
9772,1492
9772,1488
9800,34
9800,36
9800,35
9838,37
9844,1768
9844,1767
9845,37
9892,37
9897,37
9913,1768
9913,1767
9930,34
9930,36
9930,35
10043,37
10058,37
10080,37
10220,37
10240,1468
10240,1463
10240,1461
10240,1459
10240,1470
10240,1467
10240,1472
10240,1462
10240,1460
10240,1471
10240,1464
10240,1469
10242,37
10294,1466
10294,1473
10294,1465
10294,1472
10294,1474
10294,1464
10302,37
10333,2061
10333,2060
10333,2064
10333,2065
10376,1768
10376,1767
10381,37
10417,1490
10417,1483
10417,1480
10417,1491
10417,1481
10417,1489
10417,1479
10417,1482
10417,1492
10417,1488
10513,1768
10513,1767
10538,37
10586,37
10611,1466
10611,1473
10611,1465
10611,1472
10611,1474
10611,1464
10682,1490
10682,1483
10682,1480
10682,1491
10682,1481
10682,1489
10682,1479
10682,1482
10682,1492
10682,1488
10773,37
10795,1480
10795,1476
10795,1485
10795,1484
10795,1477
10795,1492
10795,1488
10795,1483
10795,1478
10795,1487
10795,1489
10795,1479
10795,1475
10795,1486
10812,1769
10812,1770
10845,1769
10845,1770
10856,37
10908,2059
10908,2063
10908,2061
10908,2058
10908,2065
10908,2062
10919,1466
10919,1473
10919,1465
10919,1472
10919,1474
10919,1464
10940,37
11004,1490
11004,1483
11004,1480
11004,1491
11004,1481
11004,1489
11004,1479
11004,1482
11004,1492
11004,1488
11037,37
11081,37
11129,34
11129,36
11129,35
11222,1490
11222,1483
11222,1480
11222,1491
11222,1481
11222,1489
11222,1479
11222,1482
11222,1492
11222,1488
11229,1490
11229,1491
11229,1481
11229,1476
11229,1485
11229,1484
11229,1477
11229,1492
11229,1488
11229,1483
11229,1478
11229,1487
11229,1479
11229,1475
11229,1482
11229,1486
11408,1490
11408,1480
11408,1491
11408,1481
11408,1476
11408,1485
11408,1484
11408,1477
11408,1492
11408,1483
11408,1478
11408,1487
11408,1489
11408,1475
11408,1482
11408,1486
11425,1490
11425,1483
11425,1480
11425,1491
11425,1481
11425,1489
11425,1479
11425,1482
11425,1492
11425,1488
11435,1490
11435,1491
11435,1481
11435,1476
11435,1485
11435,1484
11435,1477
11435,1492
11435,1488
11435,1483
11435,1478
11435,1487
11435,1479
11435,1475
11435,1482
11435,1486
11496,37
11527,1490
11527,1483
11527,1480
11527,1491
11527,1481
11527,1489
11527,1479
11527,1482
11527,1492
11527,1488
11559,37
11610,37
11633,1466
11633,1473
11633,1465
11633,1472
11633,1474
11633,1464
11692,1466
11692,1473
11692,1465
11692,1472
11692,1474
11692,1464
11713,1466
11713,1473
11713,1465
11713,1472
11713,1474
11713,1464
11764,34
11764,36
11764,35
11794,1466
11794,1473
11794,1465
11794,1472
11794,1474
11794,1464
11812,1490
11812,1483
11812,1480
11812,1491
11812,1481
11812,1489
11812,1479
11812,1482
11812,1492
11812,1488
11897,37
11898,37
11971,1490
11971,1480
11971,1491
11971,1481
11971,1476
11971,1485
11971,1484
11971,1477
11971,1492
11971,1483
11971,1478
11971,1487
11971,1489
11971,1475
11971,1482
11971,1486
12087,1768
12087,1767
12100,839
12100,837
12100,842
12100,840
12100,834
12100,836
12100,838
12100,841
12100,843
12147,1490
12147,1480
12147,1491
12147,1481
12147,1476
12147,1485
12147,1484
12147,1477
12147,1488
12147,1478
12147,1487
12147,1489
12147,1479
12147,1475
12147,1482
12147,1486
12205,37
12218,2061
12218,2060
12218,2064
12218,2065
12230,37
12231,37
12324,1768
12324,1767
12336,1490
12336,1480
12336,1491
12336,1481
12336,1476
12336,1485
12336,1484
12336,1477
12336,1488
12336,1478
12336,1487
12336,1489
12336,1479
12336,1475
12336,1482
12336,1486
12381,1768
12381,1767
12384,37
12475,1466
12475,1473
12475,1465
12475,1472
12475,1474
12475,1464
12477,37
12533,1490
12533,1483
12533,1480
12533,1491
12533,1481
12533,1489
12533,1479
12533,1482
12533,1492
12533,1488
12560,37
12592,1466
12592,1473
12592,1465
12592,1472
12592,1474
12592,1464
12595,37
12597,1490
12597,1483
12597,1480
12597,1491
12597,1481
12597,1489
12597,1479
12597,1482
12597,1492
12597,1488
12637,1768
12637,1767
12641,37
12651,37
12664,1490
12664,1491
12664,1481
12664,1476
12664,1485
12664,1484
12664,1477
12664,1492
12664,1488
12664,1483
12664,1478
12664,1487
12664,1479
12664,1475
12664,1482
12664,1486
12674,37
12743,37
12745,37
12756,37
12770,37
12797,37
12799,37
12801,37
12803,1468
12803,1463
12803,1461
12803,1459
12803,1470
12803,1467
12803,1472
12803,1462
12803,1460
12803,1471
12803,1464
12803,1469
12832,37
12841,37
12842,37
12855,37
12858,37
12864,1490
12864,1480
12864,1491
12864,1481
12864,1476
12864,1485
12864,1484
12864,1477
12864,1492
12864,1483
12864,1478
12864,1487
12864,1489
12864,1475
12864,1482
12864,1486
12873,37
12875,37
12885,37
12890,1490
12890,1491
12890,1481
12890,1476
12890,1485
12890,1484
12890,1477
12890,1492
12890,1488
12890,1483
12890,1478
12890,1487
12890,1479
12890,1475
12890,1482
12890,1486
12921,1490
12921,1483
12921,1480
12921,1491
12921,1481
12921,1489
12921,1479
12921,1482
12921,1492
12921,1488
12943,37
12976,37
12977,37
13028,37
13039,1490
13039,1483
13039,1480
13039,1491
13039,1481
13039,1489
13039,1479
13039,1482
13039,1492
13039,1488
13088,1769
13088,1770
13094,37
13119,34
13119,36
13119,35
13129,1468
13129,1463
13129,1461
13129,1459
13129,1470
13129,1467
13129,1472
13129,1462
13129,1460
13129,1471
13129,1464
13129,1469
13137,37
13148,37
13156,37
13157,37
13158,1468
13158,1463
13158,1461
13158,1459
13158,1470
13158,1467
13158,1472
13158,1462
13158,1460
13158,1471
13158,1464
13158,1469
13177,34
13177,36
13177,35
13181,2061
13181,2060
13181,2064
13181,2065
13182,34
13182,36
13182,35
13199,37
13200,37
13227,37
13244,37
13265,37
13279,1466
13279,1473
13279,1465
13279,1472
13279,1474
13279,1464
13306,37
13379,1466
13379,1473
13379,1465
13379,1472
13379,1474
13379,1464
13455,1466
13455,1473
13455,1465
13455,1472
13455,1474
13455,1464
13458,37
13524,1466
13524,1473
13524,1465
13524,1472
13524,1474
13524,1464
13564,37
13578,1769
13578,1770
13609,34
13609,36
13609,35
13617,1768
13617,1767
13658,37
13705,109
13705,114
13705,116
13705,112
13705,113
13705,115
13774,37
13777,37
13784,1769
13784,1770
13845,1769
13845,1770
13924,2059
13924,2063
13924,2061
13924,2058
13924,2065
13924,2062
13947,1490
13947,1483
13947,1480
13947,1491
13947,1481
13947,1489
13947,1479
13947,1482
13947,1492
13947,1488
13962,37
13994,37
14007,1769
14007,1770
14011,1466
14011,1473
14011,1465
14011,1472
14011,1474
14011,1464
14012,37
14015,37
14049,37
14159,1466
14159,1473
14159,1465
14159,1472
14159,1474
14159,1464
14187,37
14239,34
14239,36
14239,35
14365,839
14365,837
14365,842
14365,840
14365,834
14365,836
14365,838
14365,841
14365,843
14385,37
14387,1769
14387,1770
14443,37
14471,1768
14471,1767
14473,1490
14473,1483
14473,1480
14473,1491
14473,1481
14473,1489
14473,1479
14473,1482
14473,1492
14473,1488
14609,1490
14609,1480
14609,1491
14609,1481
14609,1476
14609,1485
14609,1484
14609,1477
14609,1488
14609,1478
14609,1487
14609,1489
14609,1479
14609,1475
14609,1482
14609,1486
14671,1490
14671,1483
14671,1480
14671,1491
14671,1481
14671,1489
14671,1479
14671,1482
14671,1492
14671,1488
14710,37
14756,1480
14756,1476
14756,1485
14756,1484
14756,1477
14756,1492
14756,1488
14756,1483
14756,1478
14756,1487
14756,1489
14756,1479
14756,1475
14756,1486
14766,34
14766,36
14766,35
14793,1490
14793,1483
14793,1480
14793,1491
14793,1481
14793,1489
14793,1479
14793,1482
14793,1492
14793,1488
14811,1480
14811,1476
14811,1485
14811,1484
14811,1477
14811,1492
14811,1488
14811,1483
14811,1478
14811,1487
14811,1489
14811,1479
14811,1475
14811,1486
14846,1768
14846,1767
14902,109
14902,114
14902,116
14902,112
14902,113
14902,115
14921,2059
14921,2063
14921,2061
14921,2058
14921,2065
14921,2062
14991,2059
14991,2063
14991,2058
14991,2060
14991,2064
14991,2062
15120,37
15136,37
15209,1490
15209,1483
15209,1480
15209,1491
15209,1481
15209,1489
15209,1479
15209,1482
15209,1492
15209,1488
15230,1490
15230,1483
15230,1480
15230,1491
15230,1481
15230,1489
15230,1479
15230,1482
15230,1492
15230,1488
15276,37
15307,1480
15307,1476
15307,1485
15307,1484
15307,1477
15307,1492
15307,1488
15307,1483
15307,1478
15307,1487
15307,1489
15307,1479
15307,1475
15307,1486
15309,34
15309,36
15309,35
15322,37
15327,37
15336,37
15355,1490
15355,1483
15355,1480
15355,1491
15355,1481
15355,1489
15355,1479
15355,1482
15355,1492
15355,1488
15358,1480
15358,1476
15358,1485
15358,1484
15358,1477
15358,1492
15358,1488
15358,1483
15358,1478
15358,1487
15358,1489
15358,1479
15358,1475
15358,1486
15481,1468
15481,1463
15481,1461
15481,1459
15481,1470
15481,1467
15481,1472
15481,1462
15481,1460
15481,1471
15481,1464
15481,1469
15517,37
15582,37
15592,37
15615,37
15630,1769
15630,1770
15659,109
15659,114
15659,116
15659,112
15659,113
15659,115
15671,1768
15671,1767
15737,1768
15737,1767
15739,37
15740,37
15769,37
15838,37
15850,839
15850,837
15850,842
15850,840
15850,834
15850,836
15850,838
15850,841
15850,843
15910,37
15926,37
16005,1490
16005,1491
16005,1481
16005,1476
16005,1485
16005,1484
16005,1477
16005,1492
16005,1488
16005,1483
16005,1478
16005,1487
16005,1479
16005,1475
16005,1482
16005,1486
16006,1490
16006,1483
16006,1480
16006,1491
16006,1481
16006,1489
16006,1479
16006,1482
16006,1492
16006,1488
16007,37
16017,37
16018,37
16139,1768
16139,1767
16159,1769
16159,1770
16163,37
16169,37
16180,37
16194,37
16205,109
16205,114
16205,116
16205,112
16205,113
16205,115
16225,37
16226,37
16229,37
16270,1480
16270,1476
16270,1485
16270,1484
16270,1477
16270,1492
16270,1488
16270,1483
16270,1478
16270,1487
16270,1489
16270,1479
16270,1475
16270,1486
16422,1769
16422,1770
16501,37
16506,37
16549,1490
16549,1483
16549,1480
16549,1491
16549,1481
16549,1489
16549,1479
16549,1482
16549,1492
16549,1488
16564,37
16566,37
16573,37
16584,839
16584,837
16584,842
16584,840
16584,834
16584,836
16584,838
16584,841
16584,843
16603,1490
16603,1480
16603,1491
16603,1481
16603,1476
16603,1485
16603,1484
16603,1477
16603,1488
16603,1478
16603,1487
16603,1489
16603,1479
16603,1475
16603,1482
16603,1486
16629,1466
16629,1473
16629,1465
16629,1472
16629,1474
16629,1464
16648,34
16648,36
16648,35
16650,1468
16650,1463
16650,1473
16650,1459
16650,1467
16650,1474
16650,1460
16650,1471
16650,1466
16650,1461
16650,1470
16650,1465
16650,1462
16650,1469
16663,37
16664,37
16672,37
16715,1490
16715,1483
16715,1480
16715,1491
16715,1481
16715,1489
16715,1479
16715,1482
16715,1492
16715,1488
16732,37
16762,37
16772,1769
16772,1770
16783,37
16795,1466
16795,1473
16795,1465
16795,1472
16795,1474
16795,1464
16842,37
16850,37
16947,37
16950,109
16950,114
16950,116
16950,112
16950,113
16950,115
16978,37
16979,37
17017,839
17017,837
17017,842
17017,840
17017,834
17017,836
17017,838
17017,841
17017,843
17098,1466
17098,1473
17098,1465
17098,1472
17098,1474
17098,1464
17152,37
17227,37
17310,37
17322,37
17402,1768
17402,1767
17438,1466
17438,1473
17438,1465
17438,1472
17438,1474
17438,1464
17509,1768
17509,1767
17540,34
17540,36
17540,35
17582,1466
17582,1473
17582,1465
17582,1472
17582,1474
17582,1464
17585,2059
17585,2063
17585,2058
17585,2060
17585,2064
17585,2062
17611,1769
17611,1770
17613,34
17613,36
17613,35
17617,37
17625,37
17636,37
17683,37
17763,37
17793,1480
17793,1476
17793,1485
17793,1484
17793,1477
17793,1492
17793,1488
17793,1483
17793,1478
17793,1487
17793,1489
17793,1479
17793,1475
17793,1486
17838,1468
17838,1463
17838,1473
17838,1459
17838,1467
17838,1474
17838,1460
17838,1471
17838,1466
17838,1461
17838,1470
17838,1465
17838,1462
17838,1469
17840,37
17870,1466
17870,1473
17870,1465
17870,1472
17870,1474
17870,1464
17875,109
17875,114
17875,116
17875,112
17875,113
17875,115
17890,1480
17890,1476
17890,1485
17890,1484
17890,1477
17890,1492
17890,1488
17890,1483
17890,1478
17890,1487
17890,1489
17890,1479
17890,1475
17890,1486
17956,1466
17956,1473
17956,1465
17956,1472
17956,1474
17956,1464
18084,839
18084,837
18084,842
18084,840
18084,834
18084,836
18084,838
18084,841
18084,843
18106,1466
18106,1473
18106,1465
18106,1472
18106,1474
18106,1464
18160,1490
18160,1480
18160,1491
18160,1481
18160,1476
18160,1485
18160,1484
18160,1477
18160,1488
18160,1478
18160,1487
18160,1489
18160,1479
18160,1475
18160,1482
18160,1486
18242,37
18307,37
18325,2061
18325,2060
18325,2064
18325,2065
18507,1466
18507,1473
18507,1465
18507,1472
18507,1474
18507,1464
18586,37
18595,37
18612,109
18612,114
18612,116
18612,112
18612,113
18612,115
18656,1490
18656,1480
18656,1491
18656,1481
18656,1476
18656,1485
18656,1484
18656,1477
18656,1488
18656,1478
18656,1487
18656,1489
18656,1479
18656,1475
18656,1482
18656,1486
18767,1490
18767,1483
18767,1480
18767,1491
18767,1481
18767,1489
18767,1479
18767,1482
18767,1492
18767,1488
18855,37
18906,1490
18906,1483
18906,1480
18906,1491
18906,1481
18906,1489
18906,1479
18906,1482
18906,1492
18906,1488
18931,1490
18931,1483
18931,1480
18931,1491
18931,1481
18931,1489
18931,1479
18931,1482
18931,1492
18931,1488
18946,839
18946,837
18946,842
18946,840
18946,834
18946,836
18946,838
18946,841
18946,843
18953,1490
18953,1483
18953,1480
18953,1491
18953,1481
18953,1489
18953,1479
18953,1482
18953,1492
18953,1488
19030,1490
19030,1480
19030,1491
19030,1481
19030,1476
19030,1485
19030,1484
19030,1477
19030,1488
19030,1478
19030,1487
19030,1489
19030,1479
19030,1475
19030,1482
19030,1486
19034,37
19122,1490
19122,1483
19122,1480
19122,1491
19122,1481
19122,1489
19122,1479
19122,1482
19122,1492
19122,1488
19143,37
19188,37
19192,1490
19192,1491
19192,1481
19192,1476
19192,1485
19192,1484
19192,1477
19192,1492
19192,1488
19192,1483
19192,1478
19192,1487
19192,1479
19192,1475
19192,1482
19192,1486
19193,1468
19193,1463
19193,1461
19193,1459
19193,1470
19193,1467
19193,1472
19193,1462
19193,1460
19193,1471
19193,1464
19193,1469
19222,1480
19222,1476
19222,1485
19222,1484
19222,1477
19222,1492
19222,1488
19222,1483
19222,1478
19222,1487
19222,1489
19222,1479
19222,1475
19222,1486
19255,109
19255,114
19255,116
19255,112
19255,113
19255,115
19259,1468
19259,1463
19259,1461
19259,1459
19259,1470
19259,1467
19259,1472
19259,1462
19259,1460
19259,1471
19259,1464
19259,1469
19261,37
19265,37
19364,1768
19364,1767
19365,37
19468,2059
19468,2063
19468,2058
19468,2060
19468,2064
19468,2062
19478,1480
19478,1476
19478,1485
19478,1484
19478,1477
19478,1492
19478,1488
19478,1483
19478,1478
19478,1487
19478,1489
19478,1479
19478,1475
19478,1486
19491,1466
19491,1473
19491,1465
19491,1472
19491,1474
19491,1464
19578,37
19580,37
19611,37
19612,37
19618,1490
19618,1483
19618,1480
19618,1491
19618,1481
19618,1489
19618,1479
19618,1482
19618,1492
19618,1488
19623,37
19625,34
19625,36
19625,35
19641,37
19644,37
19645,1468
19645,1463
19645,1461
19645,1459
19645,1470
19645,1467
19645,1472
19645,1462
19645,1460
19645,1471
19645,1464
19645,1469
19646,37
19657,34
19657,36
19657,35
19726,1466
19726,1473
19726,1465
19726,1472
19726,1474
19726,1464
19741,37
19755,2059
19755,2063
19755,2058
19755,2060
19755,2064
19755,2062
19757,2061
19757,2060
19757,2064
19757,2065
19806,37
19838,37
19859,2059
19859,2063
19859,2058
19859,2060
19859,2064
19859,2062
19865,34
19865,36
19865,35
19865,1468
19865,1463
19865,1461
19865,1459
19865,1470
19865,1467
19865,1472
19865,1462
19865,1460
19865,1471
19865,1464
19865,1469
19870,37
20005,109
20005,114
20005,116
20005,112
20005,113
20005,115
20047,37
20070,37
20092,1468
20092,1463
20092,1461
20092,1459
20092,1470
20092,1467
20092,1472
20092,1462
20092,1460
20092,1471
20092,1464
20092,1469
20107,37
20108,1490
20108,1483
20108,1480
20108,1491
20108,1481
20108,1489
20108,1479
20108,1482
20108,1492
20108,1488
20109,37
20166,1466
20166,1473
20166,1465
20166,1472
20166,1474
20166,1464
20175,37
20192,37
20228,1480
20228,1476
20228,1485
20228,1484
20228,1477
20228,1492
20228,1488
20228,1483
20228,1478
20228,1487
20228,1489
20228,1479
20228,1475
20228,1486
20236,37
20242,1768
20242,1767
20354,109
20354,114
20354,116
20354,112
20354,113
20354,115
20375,37
20451,37
20472,37
20474,1490
20474,1480
20474,1491
20474,1481
20474,1476
20474,1485
20474,1484
20474,1477
20474,1488
20474,1478
20474,1487
20474,1489
20474,1479
20474,1475
20474,1482
20474,1486
20504,1466
20504,1473
20504,1465
20504,1472
20504,1474
20504,1464
20570,37
20576,1468
20576,1463
20576,1473
20576,1459
20576,1467
20576,1474
20576,1460
20576,1471
20576,1466
20576,1461
20576,1470
20576,1465
20576,1462
20576,1469
20581,37
20650,1468
20650,1463
20650,1461
20650,1459
20650,1470
20650,1467
20650,1472
20650,1462
20650,1460
20650,1471
20650,1464
20650,1469
20657,839
20657,837
20657,842
20657,840
20657,834
20657,836
20657,838
20657,841
20657,843
20717,839
20717,837
20717,842
20717,840
20717,834
20717,836
20717,838
20717,841
20717,843
20728,34
20728,36
20728,35
20736,37
20794,1768
20794,1767
20798,1466
20798,1473
20798,1465
20798,1472
20798,1474
20798,1464
20811,1468
20811,1463
20811,1461
20811,1459
20811,1470
20811,1467
20811,1472
20811,1462
20811,1460
20811,1471
20811,1464
20811,1469
20838,1768
20838,1767
20842,37
20843,34
20843,36
20843,35
20859,37
20934,37
20937,1466
20937,1473
20937,1465
20937,1472
20937,1474
20937,1464
20968,1768
20968,1767
20999,1490
20999,1483
20999,1480
20999,1491
20999,1481
20999,1489
20999,1479
20999,1482
20999,1492
20999,1488
21006,37
21022,1480
21022,1476
21022,1485
21022,1484
21022,1477
21022,1492
21022,1488
21022,1483
21022,1478
21022,1487
21022,1489
21022,1479
21022,1475
21022,1486
21029,1466
21029,1473
21029,1465
21029,1472
21029,1474
21029,1464
21088,1466
21088,1473
21088,1465
21088,1472
21088,1474
21088,1464
21115,37
21151,34
21151,36
21151,35
21158,37
21163,37
21168,37
21187,37
21205,37
21278,1768
21278,1767
21279,1490
21279,1483
21279,1480
21279,1491
21279,1481
21279,1489
21279,1479
21279,1482
21279,1492
21279,1488
21283,1480
21283,1476
21283,1485
21283,1484
21283,1477
21283,1492
21283,1488
21283,1483
21283,1478
21283,1487
21283,1489
21283,1479
21283,1475
21283,1486
21308,1490
21308,1491
21308,1481
21308,1476
21308,1485
21308,1484
21308,1477
21308,1492
21308,1488
21308,1483
21308,1478
21308,1487
21308,1479
21308,1475
21308,1482
21308,1486
21362,1466
21362,1473
21362,1465
21362,1472
21362,1474
21362,1464
21363,1768
21363,1767
21392,37
21410,37
21444,37
21446,1768
21446,1767
21458,37
21459,37
21463,37
21512,1769
21512,1770
21522,1466
21522,1473
21522,1465
21522,1472
21522,1474
21522,1464
21550,37
21591,1466
21591,1473
21591,1465
21591,1472
21591,1474
21591,1464
21602,37
21645,1768
21645,1767
21663,37
21674,1466
21674,1473
21674,1465
21674,1472
21674,1474
21674,1464
21683,1769
21683,1770
21708,37
21770,37
21808,1769
21808,1770
21818,1468
21818,1463
21818,1473
21818,1459
21818,1467
21818,1474
21818,1460
21818,1471
21818,1466
21818,1461
21818,1470
21818,1465
21818,1462
21818,1469
21893,37
21906,34
21906,36
21906,35
21927,37
21936,37
21951,37
22113,1490
22113,1480
22113,1491
22113,1481
22113,1476
22113,1485
22113,1484
22113,1477
22113,1488
22113,1478
22113,1487
22113,1489
22113,1479
22113,1475
22113,1482
22113,1486
22181,109
22181,114
22181,116
22181,112
22181,113
22181,115
22246,1490
22246,1483
22246,1480
22246,1491
22246,1481
22246,1489
22246,1479
22246,1482
22246,1492
22246,1488
22249,37
22251,1490
22251,1480
22251,1491
22251,1481
22251,1476
22251,1485
22251,1484
22251,1477
22251,1492
22251,1483
22251,1478
22251,1487
22251,1489
22251,1475
22251,1482
22251,1486
22305,1466
22305,1473
22305,1465
22305,1472
22305,1474
22305,1464
22309,34
22309,36
22309,35
22335,1490
22335,1480
22335,1491
22335,1481
22335,1476
22335,1485
22335,1484
22335,1477
22335,1492
22335,1483
22335,1478
22335,1487
22335,1489
22335,1475
22335,1482
22335,1486
22338,1466
22338,1473
22338,1465
22338,1472
22338,1474
22338,1464
22360,1466
22360,1473
22360,1465
22360,1472
22360,1474
22360,1464
22371,2059
22371,2063
22371,2058
22371,2060
22371,2064
22371,2062
22449,1490
22449,1480
22449,1491
22449,1481
22449,1476
22449,1485
22449,1484
22449,1477
22449,1492
22449,1483
22449,1478
22449,1487
22449,1489
22449,1475
22449,1482
22449,1486
22485,1768
22485,1767
22540,37
22548,839
22548,837
22548,842
22548,840
22548,834
22548,836
22548,838
22548,841
22548,843
22554,2061
22554,2060
22554,2064
22554,2065
22570,37
22581,37
22590,34
22590,36
22590,35
22593,37
22643,1490
22643,1483
22643,1480
22643,1491
22643,1481
22643,1489
22643,1479
22643,1482
22643,1492
22643,1488
22679,37
22682,37
22729,2061
22729,2060
22729,2064
22729,2065
22833,1490
22833,1483
22833,1480
22833,1491
22833,1481
22833,1489
22833,1479
22833,1482
22833,1492
22833,1488
22856,1468
22856,1463
22856,1461
22856,1459
22856,1470
22856,1467
22856,1472
22856,1462
22856,1460
22856,1471
22856,1464
22856,1469
22879,1466
22879,1473
22879,1465
22879,1472
22879,1474
22879,1464
22890,1490
22890,1483
22890,1480
22890,1491
22890,1481
22890,1489
22890,1479
22890,1482
22890,1492
22890,1488
22971,1490
22971,1480
22971,1491
22971,1481
22971,1476
22971,1485
22971,1484
22971,1477
22971,1492
22971,1483
22971,1478
22971,1487
22971,1489
22971,1475
22971,1482
22971,1486
23019,1466
23019,1473
23019,1465
23019,1472
23019,1474
23019,1464
23055,37
23072,1480
23072,1476
23072,1485
23072,1484
23072,1477
23072,1492
23072,1488
23072,1483
23072,1478
23072,1487
23072,1489
23072,1479
23072,1475
23072,1486
23087,1480
23087,1476
23087,1485
23087,1484
23087,1477
23087,1492
23087,1488
23087,1483
23087,1478
23087,1487
23087,1489
23087,1479
23087,1475
23087,1486
23104,37
23116,839
23116,837
23116,842
23116,840
23116,834
23116,836
23116,838
23116,841
23116,843
23128,1468
23128,1463
23128,1461
23128,1459
23128,1470
23128,1467
23128,1472
23128,1462
23128,1460
23128,1471
23128,1464
23128,1469
23156,34
23156,36
23156,35
23169,37
23244,1468
23244,1463
23244,1461
23244,1459
23244,1470
23244,1467
23244,1472
23244,1462
23244,1460
23244,1471
23244,1464
23244,1469
23310,37
23336,2061
23336,2060
23336,2064
23336,2065
23355,839
23355,837
23355,842
23355,840
23355,834
23355,836
23355,838
23355,841
23355,843
23363,2061
23363,2060
23363,2064
23363,2065
23367,37
23426,1468
23426,1463
23426,1461
23426,1459
23426,1470
23426,1467
23426,1472
23426,1462
23426,1460
23426,1471
23426,1464
23426,1469
23441,37
23442,1490
23442,1483
23442,1480
23442,1491
23442,1481
23442,1489
23442,1479
23442,1482
23442,1492
23442,1488
23451,1466
23451,1473
23451,1465
23451,1472
23451,1474
23451,1464
23501,37
23584,1466
23584,1473
23584,1465
23584,1472
23584,1474
23584,1464
23608,37
23611,1490
23611,1483
23611,1480
23611,1491
23611,1481
23611,1489
23611,1479
23611,1482
23611,1492
23611,1488
23621,1468
23621,1463
23621,1461
23621,1459
23621,1470
23621,1467
23621,1472
23621,1462
23621,1460
23621,1471
23621,1464
23621,1469
23639,2059
23639,2063
23639,2058
23639,2060
23639,2064
23639,2062
23698,37
23719,37
23721,37
23732,37
23733,37
23773,1466
23773,1473
23773,1465
23773,1472
23773,1474
23773,1464
23810,37
23827,37
23842,37
23848,37
23914,109
23914,114
23914,116
23914,112
23914,113
23914,115
23939,37
23946,37
23952,37
23955,37
23959,37
23993,1768
23993,1767
24005,37
24038,2061
24038,2060
24038,2064
24038,2065
24051,34
24051,36
24051,35
24054,37
24071,2059
24071,2063
24071,2061
24071,2058
24071,2065
24071,2062
24173,37
24204,1490
24204,1480
24204,1491
24204,1481
24204,1476
24204,1485
24204,1484
24204,1477
24204,1492
24204,1483
24204,1478
24204,1487
24204,1489
24204,1475
24204,1482
24204,1486
24206,1468
24206,1463
24206,1461
24206,1459
24206,1470
24206,1467
24206,1472
24206,1462
24206,1460
24206,1471
24206,1464
24206,1469
24234,37
24252,2059
24252,2063
24252,2058
24252,2060
24252,2064
24252,2062
24288,1466
24288,1473
24288,1465
24288,1472
24288,1474
24288,1464
24292,1466
24292,1473
24292,1465
24292,1472
24292,1474
24292,1464
24303,37
24314,37
24325,37
24344,37
24359,37
24386,37
24391,34
24391,36
24391,35
24402,1490
24402,1480
24402,1491
24402,1481
24402,1476
24402,1485
24402,1484
24402,1477
24402,1488
24402,1478
24402,1487
24402,1489
24402,1479
24402,1475
24402,1482
24402,1486
24427,37
24439,37
24457,839
24457,837
24457,842
24457,840
24457,834
24457,836
24457,838
24457,841
24457,843
24502,1768
24502,1767
24520,37
24522,1468
24522,1463
24522,1473
24522,1459
24522,1467
24522,1474
24522,1460
24522,1471
24522,1466
24522,1461
24522,1470
24522,1465
24522,1462
24522,1469
24578,839
24578,837
24578,842
24578,840
24578,834
24578,836
24578,838
24578,841
24578,843
24583,37
24598,37
24627,34
24627,36
24627,35
24713,37
24735,839
24735,837
24735,842
24735,840
24735,834
24735,836
24735,838
24735,841
24735,843
24750,37
24789,109
24789,114
24789,116
24789,112
24789,113
24789,115
24799,37
24803,1490
24803,1480
24803,1491
24803,1481
24803,1476
24803,1485
24803,1484
24803,1477
24803,1488
24803,1478
24803,1487
24803,1489
24803,1479
24803,1475
24803,1482
24803,1486
24817,37
24821,37
24832,37
24834,109
24834,114
24834,116
24834,112
24834,113
24834,115
24862,37
24864,37
24865,37
24869,37
24881,1769
24881,1770
24944,1466
24944,1473
24944,1465
24944,1472
24944,1474
24944,1464
24955,1490
24955,1483
24955,1480
24955,1491
24955,1481
24955,1489
24955,1479
24955,1482
24955,1492
24955,1488
25008,1490
25008,1480
25008,1491
25008,1481
25008,1476
25008,1485
25008,1484
25008,1477
25008,1492
25008,1483
25008,1478
25008,1487
25008,1489
25008,1475
25008,1482
25008,1486
25027,37
25037,2059
25037,2063
25037,2061
25037,2058
25037,2065
25037,2062
25045,37
25061,2059
25061,2063
25061,2061
25061,2058
25061,2065
25061,2062
25096,37
25103,37
25118,2059
25118,2063
25118,2058
25118,2060
25118,2064
25118,2062
25139,37
25152,37
25162,37
25172,37
25207,1769
25207,1770
25244,1468
25244,1463
25244,1473
25244,1459
25244,1467
25244,1474
25244,1460
25244,1471
25244,1466
25244,1461
25244,1470
25244,1465
25244,1462
25244,1469
25280,1466
25280,1473
25280,1465
25280,1472
25280,1474
25280,1464
25281,1768
25281,1767
25300,37
25318,37
25322,34
25322,36
25322,35
25324,1490
25324,1483
25324,1480
25324,1491
25324,1481
25324,1489
25324,1479
25324,1482
25324,1492
25324,1488
25348,1769
25348,1770
25374,37
25378,1490
25378,1491
25378,1481
25378,1476
25378,1485
25378,1484
25378,1477
25378,1492
25378,1488
25378,1483
25378,1478
25378,1487
25378,1479
25378,1475
25378,1482
25378,1486
25488,2059
25488,2063
25488,2058
25488,2060
25488,2064
25488,2062
25503,37
25525,2061
25525,2060
25525,2064
25525,2065
25538,2061
25538,2060
25538,2064
25538,2065
25568,1768
25568,1767
25630,1490
25630,1483
25630,1480
25630,1491
25630,1481
25630,1489
25630,1479
25630,1482
25630,1492
25630,1488
25633,2061
25633,2060
25633,2064
25633,2065
25644,1490
25644,1483
25644,1480
25644,1491
25644,1481
25644,1489
25644,1479
25644,1482
25644,1492
25644,1488
25743,37
25746,1490
25746,1491
25746,1481
25746,1476
25746,1485
25746,1484
25746,1477
25746,1492
25746,1488
25746,1483
25746,1478
25746,1487
25746,1479
25746,1475
25746,1482
25746,1486
25784,1769
25784,1770
25849,37
25883,37
25890,839
25890,837
25890,842
25890,840
25890,834
25890,836
25890,838
25890,841
25890,843
25903,1490
25903,1483
25903,1480
25903,1491
25903,1481
25903,1489
25903,1479
25903,1482
25903,1492
25903,1488
25905,1480
25905,1476
25905,1485
25905,1484
25905,1477
25905,1492
25905,1488
25905,1483
25905,1478
25905,1487
25905,1489
25905,1479
25905,1475
25905,1486
25935,34
25935,36
25935,35
25979,34
25979,36
25979,35
25984,1490
25984,1480
25984,1491
25984,1481
25984,1476
25984,1485
25984,1484
25984,1477
25984,1488
25984,1478
25984,1487
25984,1489
25984,1479
25984,1475
25984,1482
25984,1486
25992,1466
25992,1473
25992,1465
25992,1472
25992,1474
25992,1464
26003,2059
26003,2063
26003,2061
26003,2058
26003,2065
26003,2062
26025,1490
26025,1491
26025,1481
26025,1476
26025,1485
26025,1484
26025,1477
26025,1492
26025,1488
26025,1483
26025,1478
26025,1487
26025,1479
26025,1475
26025,1482
26025,1486
26040,37
26072,1490
26072,1491
26072,1481
26072,1476
26072,1485
26072,1484
26072,1477
26072,1492
26072,1488
26072,1483
26072,1478
26072,1487
26072,1479
26072,1475
26072,1482
26072,1486
26073,1490
26073,1491
26073,1481
26073,1476
26073,1485
26073,1484
26073,1477
26073,1492
26073,1488
26073,1483
26073,1478
26073,1487
26073,1479
26073,1475
26073,1482
26073,1486
26111,34
26111,36
26111,35
26179,1768
26179,1767
26307,34
26307,36
26307,35
26376,1468
26376,1463
26376,1461
26376,1459
26376,1470
26376,1467
26376,1472
26376,1462
26376,1460
26376,1471
26376,1464
26376,1469
26393,34
26393,36
26393,35
26403,1768
26403,1767
26405,1490
26405,1483
26405,1480
26405,1491
26405,1481
26405,1489
26405,1479
26405,1482
26405,1492
26405,1488
26475,37
26531,1468
26531,1463
26531,1473
26531,1459
26531,1467
26531,1474
26531,1460
26531,1471
26531,1466
26531,1461
26531,1470
26531,1465
26531,1462
26531,1469
26555,1468
26555,1463
26555,1461
26555,1459
26555,1470
26555,1467
26555,1472
26555,1462
26555,1460
26555,1471
26555,1464
26555,1469
26597,1768
26597,1767
26613,1466
26613,1473
26613,1465
26613,1472
26613,1474
26613,1464
26671,1466
26671,1473
26671,1465
26671,1472
26671,1474
26671,1464
26802,839
26802,837
26802,842
26802,840
26802,834
26802,836
26802,838
26802,841
26802,843
26917,1466
26917,1473
26917,1465
26917,1472
26917,1474
26917,1464
26959,1490
26959,1483
26959,1480
26959,1491
26959,1481
26959,1489
26959,1479
26959,1482
26959,1492
26959,1488
26982,37
27026,1480
27026,1476
27026,1485
27026,1484
27026,1477
27026,1492
27026,1488
27026,1483
27026,1478
27026,1487
27026,1489
27026,1479
27026,1475
27026,1486
27084,1468
27084,1463
27084,1461
27084,1459
27084,1470
27084,1467
27084,1472
27084,1462
27084,1460
27084,1471
27084,1464
27084,1469
27104,1490
27104,1483
27104,1480
27104,1491
27104,1481
27104,1489
27104,1479
27104,1482
27104,1492
27104,1488
27116,34
27116,36
27116,35
27137,1490
27137,1483
27137,1480
27137,1491
27137,1481
27137,1489
27137,1479
27137,1482
27137,1492
27137,1488
27178,839
27178,837
27178,842
27178,840
27178,834
27178,836
27178,838
27178,841
27178,843
27187,839
27187,837
27187,842
27187,840
27187,834
27187,836
27187,838
27187,841
27187,843
27314,37
27460,839
27460,837
27460,842
27460,840
27460,834
27460,836
27460,838
27460,841
27460,843
27502,37
27517,34
27517,36
27517,35
27534,37
27537,37
27542,1768
27542,1767
27612,37
27624,37
27637,37
27640,37
27674,37
27677,34
27677,36
27677,35
27691,37
27692,37
27718,37
27723,1768
27723,1767
27724,37
27790,37
27791,1490
27791,1480
27791,1491
27791,1481
27791,1476
27791,1485
27791,1484
27791,1477
27791,1488
27791,1478
27791,1487
27791,1489
27791,1479
27791,1475
27791,1482
27791,1486
27804,37
27815,1490
27815,1491
27815,1481
27815,1476
27815,1485
27815,1484
27815,1477
27815,1492
27815,1488
27815,1483
27815,1478
27815,1487
27815,1479
27815,1475
27815,1482
27815,1486
27818,1768
27818,1767
27837,1768
27837,1767
27839,37
27850,37
27865,37
27883,37
27886,1490
27886,1480
27886,1491
27886,1481
27886,1476
27886,1485
27886,1484
27886,1477
27886,1492
27886,1483
27886,1478
27886,1487
27886,1489
27886,1475
27886,1482
27886,1486
27893,37
27902,1468
27902,1463
27902,1461
27902,1459
27902,1470
27902,1467
27902,1472
27902,1462
27902,1460
27902,1471
27902,1464
27902,1469
27951,37
27964,37
27972,839
27972,837
27972,842
27972,840
27972,834
27972,836
27972,838
27972,841
27972,843
27990,2061
27990,2060
27990,2064
27990,2065
27999,37
28019,1768
28019,1767
28027,37
28087,37
28139,1490
28139,1480
28139,1491
28139,1481
28139,1476
28139,1485
28139,1484
28139,1477
28139,1488
28139,1478
28139,1487
28139,1489
28139,1479
28139,1475
28139,1482
28139,1486
28145,37
28174,1490
28174,1483
28174,1480
28174,1491
28174,1481
28174,1489
28174,1479
28174,1482
28174,1492
28174,1488
28258,37
28259,1468
28259,1463
28259,1473
28259,1459
28259,1467
28259,1474
28259,1460
28259,1471
28259,1466
28259,1461
28259,1470
28259,1465
28259,1462
28259,1469
28277,37
28302,37
28303,37
28305,37
28306,839
28306,837
28306,842
28306,840
28306,834
28306,836
28306,838
28306,841
28306,843
28322,1468
28322,1463
28322,1461
28322,1459
28322,1470
28322,1467
28322,1472
28322,1462
28322,1460
28322,1471
28322,1464
28322,1469
28325,37
28327,37
28330,37
28344,2059
28344,2063
28344,2061
28344,2058
28344,2065
28344,2062
28345,1490
28345,1480
28345,1491
28345,1481
28345,1476
28345,1485
28345,1484
28345,1477
28345,1488
28345,1478
28345,1487
28345,1489
28345,1479
28345,1475
28345,1482
28345,1486
28346,37
28374,34
28374,36
28374,35
28379,37
28386,37
28429,2061
28429,2060
28429,2064
28429,2065
28482,37
28488,37
28492,37
28506,34
28506,36
28506,35
28531,2061
28531,2060
28531,2064
28531,2065
28562,839
28562,837
28562,842
28562,840
28562,834
28562,836
28562,838
28562,841
28562,843
28563,37
28569,1466
28569,1473
28569,1465
28569,1472
28569,1474
28569,1464
28591,1480
28591,1476
28591,1485
28591,1484
28591,1477
28591,1492
28591,1488
28591,1483
28591,1478
28591,1487
28591,1489
28591,1479
28591,1475
28591,1486
28593,1490
28593,1480
28593,1491
28593,1481
28593,1476
28593,1485
28593,1484
28593,1477
28593,1488
28593,1478
28593,1487
28593,1489
28593,1479
28593,1475
28593,1482
28593,1486
28611,1768
28611,1767
28616,1466
28616,1473
28616,1465
28616,1472
28616,1474
28616,1464
28673,839
28673,837
28673,842
28673,840
28673,834
28673,836
28673,838
28673,841
28673,843
28674,1490
28674,1480
28674,1491
28674,1481
28674,1476
28674,1485
28674,1484
28674,1477
28674,1492
28674,1483
28674,1478
28674,1487
28674,1489
28674,1475
28674,1482
28674,1486
28677,2061
28677,2060
28677,2064
28677,2065
28688,34
28688,36
28688,35
28691,1466
28691,1473
28691,1465
28691,1472
28691,1474
28691,1464
28718,34
28718,36
28718,35
28723,1466
28723,1473
28723,1465
28723,1472
28723,1474
28723,1464
28730,37
28765,34
28765,36
28765,35
28769,37
28795,37
28835,839
28835,837
28835,842
28835,840
28835,834
28835,836
28835,838
28835,841
28835,843
28860,1466
28860,1473
28860,1465
28860,1472
28860,1474
28860,1464
28891,34
28891,36
28891,35
28911,37
28920,37
28927,34
28927,36
28927,35
28978,37
29002,37
29018,37
29020,37
29021,37
29038,37
29055,37
29075,1768
29075,1767
29082,1768
29082,1767
29122,1768
29122,1767
29142,37
29175,1490
29175,1483
29175,1480
29175,1491
29175,1481
29175,1489
29175,1479
29175,1482
29175,1492
29175,1488
29205,34
29205,36
29205,35
29208,1466
29208,1473
29208,1465
29208,1472
29208,1474
29208,1464
29214,37
29253,2059
29253,2063
29253,2058
29253,2060
29253,2064
29253,2062
29258,2059
29258,2063
29258,2061
29258,2058
29258,2065
29258,2062
29270,37
29276,1468
29276,1463
29276,1461
29276,1459
29276,1470
29276,1467
29276,1472
29276,1462
29276,1460
29276,1471
29276,1464
29276,1469
29340,37
29452,1466
29452,1473
29452,1465
29452,1472
29452,1474
29452,1464
29455,37
29466,37
29490,1490
29490,1480
29490,1491
29490,1481
29490,1476
29490,1485
29490,1484
29490,1477
29490,1492
29490,1483
29490,1478
29490,1487
29490,1489
29490,1475
29490,1482
29490,1486
29532,1769
29532,1770
29533,37
29541,2061
29541,2060
29541,2064
29541,2065
29685,1769
29685,1770
29712,839
29712,837
29712,842
29712,840
29712,834
29712,836
29712,838
29712,841
29712,843
29747,37
29837,37
29889,2059
29889,2063
29889,2061
29889,2058
29889,2065
29889,2062
29897,839
29897,837
29897,842
29897,840
29897,834
29897,836
29897,838
29897,841
29897,843
29909,34
29909,36
29909,35
29916,37
29924,37
29925,37
29949,839
29949,837
29949,842
29949,840
29949,834
29949,836
29949,838
29949,841
29949,843
29962,1768
29962,1767
29990,37
30013,1490
30013,1483
30013,1480
30013,1491
30013,1481
30013,1489
30013,1479
30013,1482
30013,1492
30013,1488
30027,1769
30027,1770
30065,1466
30065,1473
30065,1465
30065,1472
30065,1474
30065,1464
30088,37
30109,1468
30109,1463
30109,1461
30109,1459
30109,1470
30109,1467
30109,1472
30109,1462
30109,1460
30109,1471
30109,1464
30109,1469
30125,37
30132,109
30132,114
30132,116
30132,112
30132,113
30132,115
30215,1466
30215,1473
30215,1465
30215,1472
30215,1474
30215,1464
30269,2059
30269,2063
30269,2058
30269,2060
30269,2064
30269,2062
30296,37
30340,1480
30340,1476
30340,1485
30340,1484
30340,1477
30340,1492
30340,1488
30340,1483
30340,1478
30340,1487
30340,1489
30340,1479
30340,1475
30340,1486
30410,2059
30410,2063
30410,2061
30410,2058
30410,2065
30410,2062
30451,1490
30451,1483
30451,1480
30451,1491
30451,1481
30451,1489
30451,1479
30451,1482
30451,1492
30451,1488
30478,37
30587,1490
30587,1491
30587,1481
30587,1476
30587,1485
30587,1484
30587,1477
30587,1492
30587,1488
30587,1483
30587,1478
30587,1487
30587,1479
30587,1475
30587,1482
30587,1486
30705,1466
30705,1473
30705,1465
30705,1472
30705,1474
30705,1464
30710,1490
30710,1483
30710,1480
30710,1491
30710,1481
30710,1489
30710,1479
30710,1482
30710,1492
30710,1488
30729,1490
30729,1483
30729,1480
30729,1491
30729,1481
30729,1489
30729,1479
30729,1482
30729,1492
30729,1488
30739,1490
30739,1483
30739,1480
30739,1491
30739,1481
30739,1489
30739,1479
30739,1482
30739,1492
30739,1488
30759,37
30760,37
30778,1466
30778,1473
30778,1465
30778,1472
30778,1474
30778,1464
30826,37
30830,1468
30830,1463
30830,1461
30830,1459
30830,1470
30830,1467
30830,1472
30830,1462
30830,1460
30830,1471
30830,1464
30830,1469
30848,1480
30848,1476
30848,1485
30848,1484
30848,1477
30848,1492
30848,1488
30848,1483
30848,1478
30848,1487
30848,1489
30848,1479
30848,1475
30848,1486
